,round,teamA,teamB,A_scored,B_scored,A_xG,B_xG,A_xGA,B_xGA,A_ppg,B_ppg,A_gpg,B_gpg,A_cpg,B_cpg,A_deep,B_deep,A_deep_allowed,B_deep_allowed,A_ppda,B_ppda,A_ppda_allowed,B_ppda_allowed
0,1,Norwich,Liverpool,1,4,,,,,0.0,0.0,0.0,0.0,0.0,0.0,,,,,,,,
1,1,Man City,West Ham,5,0,,,,,0.0,0.0,0.0,0.0,0.0,0.0,,,,,,,,
2,1,Brighton,Watford,3,0,,,,,0.0,0.0,0.0,0.0,0.0,0.0,,,,,,,,
3,1,Southampton,Burnley,0,3,,,,,0.0,0.0,0.0,0.0,0.0,0.0,,,,,,,,
4,1,Sheffield United,Bournemouth,1,1,,,,,0.0,0.0,0.0,0.0,0.0,0.0,,,,,,,,
5,1,Everton,Crystal Palace,0,0,,,,,0.0,0.0,0.0,0.0,0.0,0.0,,,,,,,,
6,1,Aston Villa,Tottenham,1,3,,,,,0.0,0.0,0.0,0.0,0.0,0.0,,,,,,,,
7,1,Wolves,Leicester,0,0,,,,,0.0,0.0,0.0,0.0,0.0,0.0,,,,,,,,
8,1,Arsenal,Newcastle United,1,0,,,,,0.0,0.0,0.0,0.0,0.0,0.0,,,,,,,,
9,1,Chelsea,Man Utd,0,4,,,,,0.0,0.0,0.0,0.0,0.0,0.0,,,,,,,,
10,2,Burnley,Arsenal,1,2,,,,,3.0,3.0,3.0,1.0,0.0,0.0,,,,,,,,
11,2,Liverpool,Southampton,2,1,,,,,3.0,0.0,4.0,0.0,1.0,3.0,,,,,,,,
12,2,Bournemouth,Aston Villa,2,1,,,,,1.0,0.0,1.0,1.0,1.0,3.0,,,,,,,,
13,2,Watford,Everton,0,1,,,,,0.0,1.0,0.0,0.0,3.0,0.0,,,,,,,,
14,2,West Ham,Brighton,1,1,,,,,0.0,3.0,0.0,3.0,5.0,0.0,,,,,,,,
15,2,Newcastle United,Norwich,1,3,,,,,0.0,0.0,0.0,1.0,1.0,4.0,,,,,,,,
16,2,Tottenham,Man City,2,2,,,,,3.0,3.0,3.0,5.0,1.0,0.0,,,,,,,,
17,2,Crystal Palace,Sheffield United,0,1,,,,,1.0,1.0,0.0,1.0,0.0,1.0,,,,,,,,
18,2,Leicester,Chelsea,1,1,,,,,1.0,0.0,0.0,0.0,0.0,4.0,,,,,,,,
19,2,Man Utd,Wolves,1,1,,,,,3.0,1.0,4.0,0.0,0.0,0.0,,,,,,,,
20,3,Everton,Aston Villa,0,2,1.37255,0.579733,1.4288230000000002,1.33531,2.0,0.0,0.5,1.0,0.0,2.5,8.0,5.5,5.5,12.5,5.0,11.0,16.5,7.0
21,3,Chelsea,Norwich,3,2,2.100035,1.1232199999999999,1.062765,2.050425,0.5,1.5,0.5,2.0,2.5,2.5,8.0,5.0,5.0,12.0,13.5,9.0,15.0,10.0
22,3,Southampton,Brighton,2,0,1.423783,0.929373,1.4506355,2.193065,0.0,2.0,0.5,2.0,2.5,0.5,6.0,6.5,9.5,11.0,8.0,15.0,11.0,10.5
23,3,Crystal Palace,Man Utd,2,1,1.0454665,2.069585,1.269575,0.7233045,0.5,2.0,0.0,2.5,0.5,0.5,7.5,10.0,6.0,4.0,12.0,9.5,7.5,10.5
24,3,West Ham,Watford,3,1,2.8321250000000004,1.7001399999999998,1.7304399999999998,2.249495,0.5,0.0,0.5,0.0,3.0,2.0,11.0,13.0,12.5,6.0,9.5,10.5,8.5,15.5
25,3,Leicester,Sheffield United,2,1,1.4712695,0.8504039999999999,0.604522,1.5053345,1.0,2.0,0.5,1.0,0.5,0.5,9.5,4.5,5.5,6.5,7.0,15.5,10.5,11.0
26,3,Arsenal,Liverpool,1,3,1.455316,1.99439,2.3716749999999998,0.801466,3.0,3.0,1.5,3.0,0.5,1.0,9.5,10.0,7.5,3.5,17.0,7.5,10.5,22.0
27,3,Man City,Bournemouth,3,1,2.71837,1.224088,1.3772425,2.68311,2.0,2.0,3.5,1.5,1.0,1.0,16.5,5.0,5.0,13.5,8.0,16.0,21.5,5.5
28,3,Burnley,Wolves,1,1,0.9225050000000001,1.664825,1.26425,1.3580200000000002,1.5,1.0,2.0,0.5,1.0,0.5,2.0,4.5,7.5,4.0,15.0,15.5,8.5,9.5
29,3,Newcastle United,Tottenham,1,0,0.777795,1.607205,1.183035,1.2196850000000001,0.0,2.0,0.5,2.5,2.0,1.5,3.5,7.0,7.0,8.5,25.5,8.0,8.0,19.0
30,4,Man Utd,Southampton,1,1,1.58789875,1.48754975,0.616455375,1.6330663749999998,1.3333333333333333,1.0,2.0,1.0,1.0,1.6666666666666667,8.0,6.25,4.5,8.125,12.125,7.5,8.625,13.25
31,4,Watford,Newcastle United,1,1,1.495937,0.802062,2.7318637499999996,1.6096412500000001,0.0,1.0,0.3333333333333333,0.6666666666666666,2.3333333333333335,1.3333333333333333,8.0,3.375,7.0,9.5,16.625,26.875,16.625,8.0
32,4,Bournemouth,Leicester,1,3,1.122991,1.363897625,2.1518474999999997,0.899197,1.3333333333333333,1.6666666666666667,1.3333333333333333,1.0,1.6666666666666667,0.6666666666666666,4.25,7.625,9.625,6.375,13.75,6.75,5.125,8.625
33,4,Brighton,Man City,0,4,1.1729444999999998,3.5003499999999996,1.48524225,1.081073875,1.3333333333333333,2.3333333333333335,1.3333333333333333,3.3333333333333335,1.0,1.0,8.125,14.875,8.75,4.75,11.25,9.25,13.875,23.875
34,4,Sheffield United,Chelsea,2,2,1.07131125,2.17675625,1.662031125,1.15821875,1.3333333333333333,1.3333333333333333,1.0,1.3333333333333333,1.0,2.3333333333333335,4.875,5.75,6.625,5.0,15.125,11.375,10.5,13.75
35,4,Norwich,West Ham,0,2,1.208337,1.5219335000000003,2.2486187500000003,1.39528,1.0,1.3333333333333333,2.0,1.3333333333333333,2.6666666666666665,2.3333333333333335,6.25,9.0,11.25,6.625,12.25,10.125,8.75,10.625
36,4,Aston Villa,Crystal Palace,0,1,1.00093825,1.005376625,1.45415475,1.09456875,1.0,1.3333333333333333,1.3333333333333333,0.6666666666666666,1.6666666666666667,0.6666666666666666,5.625,7.875,11.625,6.0,10.0,12.75,8.75,8.625
37,4,Liverpool,Burnley,3,0,1.78945,1.06866725,0.73578475,1.2379245,3.0,1.3333333333333333,3.0,1.6666666666666667,1.0,1.0,11.25,3.25,3.125,10.125,6.625,13.5,22.5,7.875
38,4,Wolves,Everton,2,3,1.7289637500000001,1.4069475,1.72480175,1.3384935000000002,1.0,1.3333333333333333,0.6666666666666666,0.3333333333333333,0.6666666666666666,0.6666666666666666,4.875,7.5,5.0,3.875,15.125,5.0,8.625,15.375
39,4,Tottenham,Arsenal,2,2,1.48728375,1.729664,1.2524045,2.21859125,1.3333333333333333,2.0,1.6666666666666667,1.3333333333333333,1.3333333333333333,1.3333333333333333,7.5,10.125,8.125,8.375,7.75,13.25,13.0,10.625
40,5,Newcastle United,Liverpool,1,3,0.6122383333333333,2.2443566666666666,1.6224983750000002,0.7216607416666667,1.0,3.0,0.75,3.0,1.25,0.75,2.8125,11.375,9.916666666666666,3.4375,29.729166666666668,7.520833333333334,6.5,21.583333333333336
41,5,Crystal Palace,Tottenham,0,4,1.2476855208333335,1.191643791666667,1.1862004583333334,1.34994375,1.75,1.25,0.75,1.75,0.5,1.5,7.395833333333333,7.083333333333333,7.0,8.104166666666666,14.458333333333332,12.125,9.520833333333332,12.0
42,5,Leicester,Man Utd,0,1,1.0840698041666665,1.3564396250000001,1.2906771666666665,0.7778244791666666,2.0,1.25,1.5,1.75,0.75,1.0,7.520833333333334,6.166666666666666,6.3125,4.083333333333333,6.958333333333334,9.770833333333334,12.520833333333332,12.520833333333332
43,5,Chelsea,Wolves,5,2,2.499071875,1.499163125,1.1052177916666666,1.636763125,1.25,0.75,1.5,1.0,2.25,1.25,7.291666666666666,4.229166666666666,4.166666666666667,7.333333333333334,11.3125,16.104166666666664,11.791666666666666,8.854166666666666
44,5,Burnley,Brighton,1,1,1.1590080416666668,1.3700200833333334,1.2017580833333334,1.6434942083333333,1.0,1.0,1.25,1.0,1.5,1.75,4.041666666666667,7.604166666666666,7.770833333333333,6.791666666666666,13.25,9.208333333333332,7.729166666666666,14.5625
45,5,Southampton,Sheffield United,1,0,1.5168554583333331,0.9723350416666667,1.6006436458333333,1.5697226041666665,1.0,1.25,1.0,1.25,1.5,1.25,6.375,4.229166666666667,7.4375,7.020833333333333,7.75,14.270833333333334,15.875,11.416666666666668
46,5,Man City,Norwich,2,3,3.320101666666667,1.239132333333333,1.3485207291666665,2.419960625,2.5,0.75,3.5,1.5,0.75,2.5,14.0625,8.208333333333332,3.9583333333333335,10.708333333333332,8.041666666666668,11.375,24.895833333333332,9.458333333333334
47,5,Everton,Bournemouth,1,3,1.5353479166666668,1.343961,1.3929765833333334,1.8430212499999998,1.75,1.0,1.0,1.25,1.0,2.0,7.25,4.875,5.5625,10.854166666666666,9.833333333333334,13.291666666666668,14.145833333333334,6.604166666666666
48,5,Arsenal,Watford,2,2,1.6113849999999998,1.4803691666666667,1.8258805416666666,2.3558937916666665,1.75,0.25,1.5,0.5,1.5,2.0,9.270833333333334,7.666666666666666,7.979166666666666,7.166666666666667,12.875,16.854166666666668,9.354166666666666,15.354166666666668
49,5,West Ham,Aston Villa,0,0,1.322387916666667,1.548947875,1.6994616666666669,1.562400625,1.75,0.75,1.5,1.0,1.75,1.5,9.5,5.854166666666667,7.1875,10.020833333333334,11.770833333333334,9.166666666666666,12.6875,8.291666666666666
50,6,Bournemouth,Southampton,3,1,1.195923375,1.3594602760416667,1.5590643437499998,1.8240150651041667,1.4,1.4,1.6,1.0,1.8,1.2,5.140625,5.453125,9.622395833333332,7.0078125,12.755208333333334,8.90625,8.153645833333332,14.515625
51,6,Tottenham,Leicester,1,2,1.1918891927083335,1.5423634536458333,1.48845553125,1.2734467708333335,1.6,1.6,2.2,1.2,1.2,0.8,6.947916666666666,7.955729166666667,8.341145833333332,5.5234375,14.734375,6.838541666666667,11.25,13.830729166666666
52,6,Norwich,Burnley,0,2,1.0284874166666667,1.4752540364583335,2.472904796875,1.0680346979166666,1.2,1.0,1.8,1.2,2.4,1.4,7.807291666666666,4.411458333333334,9.244791666666666,6.674479166666666,10.078125,13.84375,10.026041666666668,8.513020833333332
53,6,Sheffield United,Everton,2,0,0.8729296614583333,1.5651869270833334,1.5875141536458333,1.2434147604166665,1.0,1.4,1.0,1.0,1.2,1.4,4.325520833333334,7.46875,7.393229166666666,5.3671875,14.236979166666668,9.979166666666668,10.364583333333334,13.127604166666668
54,6,Watford,Man City,0,8,1.1315310208333333,3.513428958333333,2.1595299427083328,1.1619192630208333,0.4,2.0,0.8,3.2,2.0,1.2,6.083333333333333,15.4296875,7.020833333333334,3.713541666666667,17.497395833333336,7.911458333333334,12.809895833333334,25.033854166666664
55,6,Brighton,Newcastle United,0,0,1.2974150729166667,0.5993476666666666,1.8971194322916665,1.5822385781250001,1.0,0.8,1.0,0.8,1.6,1.6,6.778645833333333,2.4609375,7.192708333333333,8.552083333333332,9.807291666666666,28.513020833333336,14.4921875,6.5625
56,6,Wolves,Crystal Palace,1,1,1.477574609375,1.3190324557291668,1.296175734375,1.6018929010416667,0.6,1.4,1.2,0.6,2.0,1.2,4.200520833333333,6.596354166666666,6.666666666666667,8.75,15.341145833333332,16.026041666666664,13.122395833333332,9.205729166666666
57,6,Man Utd,West Ham,0,2,1.712383671875,1.4399323020833334,0.8637687942708333,1.7357702083333333,1.6,1.6,1.6,1.2,0.8,1.4,5.770833333333333,8.6875,4.697916666666666,8.0390625,12.424479166666668,11.549479166666668,12.080729166666666,12.3515625
58,6,Aston Villa,Arsenal,2,3,1.673085015625,1.59542625,1.864175671875,1.5779644739583332,0.8,1.6,0.8,1.6,1.2,1.6,5.872395833333334,9.236979166666668,11.143229166666668,6.356770833333333,12.020833333333332,10.140625,8.130208333333332,11.809895833333332
59,6,Liverpool,Chelsea,2,1,1.999789583333333,2.214314265625,0.8629805239583335,1.0843695677083334,3.0,1.6,3.0,2.2,0.8,2.2,10.078125,7.880208333333333,3.1328125,4.145833333333334,7.080729166666667,10.7734375,21.635416666666668,13.442708333333332
60,7,Liverpool,Sheffield United,1,0,2.068821625,1.0855718953125,0.8756269715625,1.5254230382812501,3.0,1.3333333333333333,2.8333333333333335,1.1666666666666667,0.8333333333333334,1.0,10.7703125,4.89296875,3.41953125,6.453906249999999,8.072656250000001,14.313281250000001,21.571875000000002,10.528125000000001
61,7,West Ham,Bournemouth,2,2,1.4455881718750003,1.3255500375000002,1.8691391875000003,1.4823098093749998,1.8333333333333333,1.6666666666666667,1.3333333333333333,1.8333333333333333,1.1666666666666667,1.6666666666666667,9.618749999999999,5.7265625,7.73515625,8.960156249999999,9.89453125,11.279687500000001,11.71640625,9.538281249999999
62,7,Southampton,Tottenham,1,2,1.1691102484375,1.1143445734375002,2.0568555585937496,1.418734278125,1.1666666666666667,1.3333333333333333,1.0,2.0,1.5,1.3333333333333333,4.6078125,5.8531249999999995,9.807031250000001,8.20703125,10.215625,14.6609375,12.2640625,11.325
63,7,Burnley,Aston Villa,2,2,1.4016579328125,1.4557145140625,1.186908528125,1.8732641046875003,1.3333333333333333,0.6666666666666666,1.3333333333333333,1.0,1.1666666666666667,1.5,4.0703125,4.68515625,6.20703125,11.228906250000001,13.059375,12.318749999999998,8.46171875,7.417187499999999
64,7,Norwich,Crystal Palace,0,2,0.9531080749999999,1.1808913101562502,2.3878153171875,1.6931513109375,1.0,1.3333333333333333,1.5,0.6666666666666666,2.3333333333333335,1.1666666666666667,7.726562499999999,6.13671875,9.4203125,8.975,9.8703125,16.123437499999998,10.0234375,8.38515625
65,7,Brighton,Chelsea,0,2,1.4249975656249998,2.4167778390625,2.0084076890624996,1.0683184109375,1.0,1.3333333333333333,0.8333333333333334,2.0,1.3333333333333333,2.1666666666666665,7.2007812499999995,8.4921875,7.473437499999999,4.1312500000000005,9.326562499999998,10.39609375,13.44296875,14.698437499999997
66,7,Watford,Wolves,0,2,1.26736311875,1.5151661484374999,1.5609449484374998,1.2179549609375,0.3333333333333333,0.6666666666666666,0.6666666666666666,1.1666666666666667,3.0,1.8333333333333333,6.2749999999999995,4.680468749999999,6.91875,6.300000000000001,15.747656250000002,14.307031249999998,12.228906250000001,12.51015625
67,7,Man City,Everton,3,1,2.9832730625,1.6070422343750002,1.23383443671875,1.166839584375,2.1666666666666665,1.1666666666666667,4.0,0.8333333333333334,1.0,1.5,16.58671875,7.221875000000001,4.042187500000001,4.83046875,7.520312500000001,10.181250000000002,22.73046875,12.414843750000003
68,7,Newcastle United,Leicester,0,5,0.8558579000000002,1.49454680828125,1.6481497203125,1.1527919937500002,0.8333333333333334,1.8333333333333333,0.6666666666666666,1.3333333333333333,1.3333333333333333,0.8333333333333334,2.81484375,8.360156250000001,9.796875,5.57109375,26.66171875,6.554687500000001,6.40625,15.34765625
69,7,Arsenal,Man Utd,1,1,1.381360525,1.8427312046875,1.5367070265625,1.02629791484375,1.8333333333333333,1.3333333333333333,1.8333333333333333,1.3333333333333333,1.6666666666666667,1.0,9.01328125,5.9937499999999995,6.92109375,4.328125,11.3265625,11.38203125,11.42890625,10.772656249999999
70,8,Tottenham,Brighton,0,3,1.3505341923177085,1.3925847684895833,1.3445380049479168,1.892128714973958,1.5714285714285714,0.8571428571428571,2.0,0.7142857142857143,1.2857142857142858,1.4285714285714286,5.782031249999999,7.5173828125,7.856445312499999,7.767317708333334,12.272526041666667,10.132682291666667,11.547916666666666,14.572721354166667
71,8,Sheffield United,Watford,0,0,1.1503567373697916,1.1901027755208333,1.4511444517578125,1.7197228694010416,1.1428571428571428,0.2857142857142857,1.0,0.5714285714285714,1.0,2.857142857142857,5.3185546875,5.752083333333333,5.832747395833333,6.758854166666667,12.537174479166666,15.102018229166667,9.984114583333334,10.876497395833333
72,8,Leicester,Liverpool,1,2,1.6973570742578123,1.98312315625,1.2217619942708335,0.8626948072656251,2.0,3.0,1.8571428571428572,2.5714285714285716,0.7142857142857143,0.7142857142857143,8.080143229166667,10.789453125000001,5.773502604166667,3.967903645833333,8.258463541666668,8.483268229166667,13.9853515625,20.774218750000003
73,8,Aston Villa,Norwich,5,1,1.5911753045572918,1.0325954854166666,1.7902162626302083,2.2696051240885415,0.7142857142857143,0.8571428571428571,1.1428571428571428,1.2857142857142858,1.5714285714285714,2.2857142857142856,5.461393229166667,6.749348958333332,11.459830729166669,9.801953124999999,12.375520833333333,10.964453125,7.9657552083333325,9.188151041666668
74,8,Everton,Burnley,0,1,1.44845646484375,1.5218964384114582,1.14825045234375,1.1650703174479167,1.0,1.2857142857142858,0.8571428571428571,1.4285714285714286,1.7142857142857142,1.2857142857142858,7.453385416666666,4.147786458333334,4.4279296875,6.356445312499999,8.582812500000001,12.804427083333334,11.713606770833334,8.256575520833332
75,8,Crystal Palace,West Ham,2,1,1.095385534309896,1.3656499075520836,1.783862118359375,1.9316350885416667,1.5714285714285714,1.7142857142857142,0.8571428571428571,1.4285714285714286,1.0,1.2857142857142858,5.875325520833333,8.150520833333333,8.727083333333333,7.1738932291666675,16.11315104166667,9.819986979166668,8.436393229166667,11.4900390625
76,8,Wolves,Man City,2,0,1.5044931360677083,2.782304473958333,1.2211752975260417,1.0201970669921874,1.0,2.2857142857142856,1.2857142857142858,3.857142857142857,1.5714285714285714,1.0,4.7904296875,16.287825520833334,5.858333333333333,3.8720052083333334,12.948111979166665,7.810286458333334,12.300976562499999,22.83626302083333
77,8,Chelsea,Southampton,4,1,2.156037519140625,1.3556560610677084,1.1242949600260417,1.9622971787109371,1.5714285714285714,1.0,2.0,1.0,1.8571428571428572,1.5714285714285714,8.034505208333332,5.057161458333333,5.203645833333334,9.073111979166667,10.779752604166667,10.114322916666666,14.72356770833333,10.325390625
78,8,Bournemouth,Arsenal,0,1,1.1783966177083334,1.4217313145833335,1.6015281585937502,1.5986661076822917,1.5714285714285714,1.7142857142857142,1.8571428571428572,1.7142857142857142,1.7142857142857142,1.5714285714285714,5.332682291666666,8.762174479166667,8.130143229166666,6.927669270833333,11.256380208333333,10.632682291666665,9.410091145833334,12.6431640625
79,8,Man Utd,Newcastle United,0,1,1.8596027709635417,0.8555329083333334,1.0368789219401042,1.7873047436197917,1.2857142857142858,0.7142857142857143,1.2857142857142858,0.5714285714285714,1.0,1.8571428571428572,6.660937499999999,2.9136067708333337,3.884114583333333,10.063802083333332,11.183528645833334,26.10657552083333,10.874934895833333,6.372395833333334
80,9,West Ham,Everton,0,2,1.2529644855840774,1.5232967173549108,1.9040882965029762,1.288546705747768,1.5,0.875,1.375,0.75,1.375,1.625,7.639769345238095,7.4210007440476184,7.0186151413690485,5.611648995535715,9.61855933779762,8.68404017857143,11.52646484375,10.448349144345238
81,9,Burnley,Leicester,1,2,1.4856242642392115,2.0205458046679685,1.3425781519159226,0.9696699232514882,1.5,1.75,1.375,1.75,1.125,0.875,3.708658854166667,9.07441871279762,6.759556361607142,5.646823846726191,13.104110863095238,7.811430431547619,8.738248697916667,13.986397879464285
82,9,Norwich,Bournemouth,0,0,0.9327009507440476,1.0808997164434524,2.0387011152250745,1.6433570758370535,0.75,1.375,1.25,1.625,2.625,1.625,6.0529668898809526,5.308919270833333,9.24467075892857,8.62084728422619,11.538420758928572,13.166638764880952,9.388997395833334,10.30937034970238
83,9,Brighton,Aston Villa,1,2,1.28496521359747,1.3649484970889136,1.9254733067615324,1.9596208152994792,1.125,1.0,1.0,1.625,1.25,1.5,6.837569754464286,5.428436569940477,8.141080729166667,11.926985677083334,9.766062127976191,12.420126488095239,15.031812686011904,7.682486979166667
84,9,Newcastle United,Chelsea,0,1,0.8649926291666667,2.079372696344866,1.8035755476469493,1.1603696057384671,1.0,1.75,0.625,2.25,1.625,1.75,3.0626348586309526,8.960611979166666,10.344959077380953,4.974813988095238,27.45610584077381,9.938341703869048,6.27436755952381,14.457598586309523
85,9,Southampton,Wolves,1,1,1.4462827709914434,1.5760436263485864,1.811356451660156,1.1221454905598958,0.875,1.25,1.0,1.375,1.875,1.375,5.410221354166667,5.519684709821429,8.139318266369047,5.225595238095238,9.60615699404762,12.951818266369047,10.659291294642856,12.13662109375
86,9,Watford,Tottenham,1,1,1.1285149344122023,1.4298282500093007,1.75005495015811,1.2458645760230656,0.375,1.375,0.5,1.75,2.5,1.5,5.984077380952382,5.440457589285714,6.704650297619048,6.5809849330357135,14.309016927083333,11.681631324404762,10.813890438988096,11.437351190476189
87,9,Man City,Crystal Palace,2,0,2.7987691543898805,0.9118800675734748,1.0139078479213168,1.7048968956194197,2.0,1.75,3.375,1.0,1.125,1.0,16.767266555059525,5.5270879836309526,4.309719122023809,8.818005952380952,7.966694568452381,15.60506882440476,23.06224423363095,7.9052222842261894
88,9,Liverpool,Man Utd,1,1,1.9635972165178572,1.8797365730375741,0.9311399853180804,1.1030374989443825,3.0,1.125,2.5,1.125,0.75,1.0,11.23306361607143,6.470870535714285,3.970196242559523,5.320963541666666,8.663034784226191,11.884705171130953,22.36177455357143,8.883868117559524
89,9,Arsenal,Sheffield United,0,1,1.4284717206845237,1.1718258989862351,1.5824999571335565,1.3243769909179688,1.875,1.125,1.625,0.875,1.375,0.875,8.350590587797619,5.652943638392857,6.504264322916667,5.987551153273809,11.944633556547618,12.498804873511904,12.454366629464285,13.056677827380952
90,10,Leicester,Southampton,9,0,1.9723235668762205,1.4848509728044783,1.0940518030482702,1.7566966109313964,1.8888888888888888,0.8888888888888888,1.7777777777777777,1.0,0.8888888888888888,1.7777777777777777,8.444767543247767,5.50958251953125,6.606397356305804,8.318110874720983,9.323216029575892,9.443272181919642,13.362248011997767,10.430585588727677
91,10,Aston Villa,Man City,0,3,1.2125588410208565,2.702963582240513,2.0371820143432617,0.9929527324262346,1.2222222222222223,2.111111111111111,1.6666666666666667,3.2222222222222223,1.4444444444444444,1.0,5.089159284319196,15.844312395368304,11.681549072265625,3.790361676897321,11.956368582589285,8.093776157924108,7.88983154296875,23.620853969029017
92,10,Everton,Brighton,2,3,1.3362182975202288,1.3040349502476283,1.3271360366385325,1.7537105375889368,1.1111111111111112,1.0,0.8888888888888888,1.0,1.4444444444444444,1.3333333333333333,6.894688197544642,7.035221644810267,5.385920933314733,7.56976318359375,9.266287667410715,9.405683244977677,10.17032732282366,15.592324393136161
93,10,Sheffield United,West Ham,1,1,1.2643122802995954,1.2512937052350726,1.2698044289855956,1.8598411529715402,1.3333333333333333,1.3333333333333333,0.8888888888888888,1.2222222222222223,0.7777777777777778,1.4444444444444444,5.799634660993304,7.9122837611607135,5.738329206194196,6.829951695033482,12.71762956891741,9.57989937918527,13.053135463169642,11.368560791015625
94,10,Bournemouth,Watford,0,0,1.0552652341657367,1.1678401885114398,1.650811946097238,1.7785529532732283,1.3333333333333333,0.4444444444444444,1.4444444444444444,0.5555555555555556,1.4444444444444444,2.3333333333333335,5.10211181640625,6.422572544642858,8.144544328962054,6.785609654017858,12.968723842075892,13.852203369140625,9.727534702845983,10.32552228655134
95,10,Chelsea,Burnley,4,2,2.025302527823312,1.3793132477242607,1.168306192879813,1.2834602674211775,1.8888888888888888,1.3333333333333333,2.111111111111111,1.3333333333333333,1.5555555555555556,1.2222222222222223,8.52557373046875,3.4143676757812504,5.226388113839286,6.462084089006696,9.942195347377233,12.285103934151786,13.928998674665179,8.692108154296875
96,10,Wolves,Newcastle United,1,1,1.5702542747017998,0.9112147148437502,1.1068623348999025,1.698396325919015,1.2222222222222223,0.8888888888888888,1.3333333333333333,0.5555555555555556,1.3333333333333333,1.5555555555555556,5.612204415457589,3.308720179966518,5.461495535714286,9.948399135044642,12.204829624720983,25.677599225725444,12.003082275390625,6.569719587053571
97,10,Man Utd,Norwich,3,1,1.9011472872227257,1.0010675788225445,1.0864444677603586,2.038838295523507,1.1111111111111112,0.7777777777777778,1.1111111111111112,1.1111111111111112,1.0,2.3333333333333335,6.753941127232142,6.049656459263392,5.1759033203125,8.666878836495535,10.016911097935267,11.692269461495536,9.203626360212054,9.05218505859375
98,10,Tottenham,Liverpool,1,2,1.3638549218837195,2.109894265485491,1.253345415021624,0.8942432362357003,1.3333333333333333,2.7777777777777777,1.6666666666666667,2.3333333333333335,1.4444444444444444,0.7777777777777778,5.537928989955358,11.093497140066965,7.044673374720982,4.284558977399554,11.764029366629465,8.809095110212054,10.597516741071429,21.339163643973215
99,10,Crystal Palace,Arsenal,2,2,0.9082227508501326,1.352548050641741,1.5468957146432059,1.5639893973127093,1.5555555555555556,1.6666666666666667,0.8888888888888888,1.4444444444444444,1.1111111111111112,1.3333333333333333,6.056644984654017,7.453678676060267,8.016880580357142,6.597747802734375,15.192252022879465,12.510593959263392,8.098645891462054,12.175968715122767
100,11,Man Utd,Bournemouth,0,1,1.7727213268214634,1.0608521656009735,1.0563332195514499,1.6595722268696136,1.3,1.3,1.3,1.3,1.0,1.3,6.878722175719245,5.429772271050346,4.94390869140625,8.747625199575273,9.682638259161086,13.970461406405011,11.192313784644718,9.353782774910094
101,11,Newcastle United,West Ham,3,2,0.9761020084635417,1.2254261660553465,1.7645737522568474,1.8510138111397878,0.9,1.3,0.6,1.2,1.5,1.4,3.513791281079489,7.861601329985119,9.729043627542161,6.950509934198289,25.139954824296254,10.214349413674977,6.426957387772817,11.292529635959202
102,11,Burnley,Sheffield United,0,3,1.2314055117395797,1.3116593758385067,1.3561740858977789,1.162814238486396,1.2,1.3,1.4,0.9,1.5,0.8,3.0024583604600696,5.532988290938119,6.380857195172991,5.752866472516741,12.213709271143353,13.844427926199776,8.375879923502605,13.43907238188244
103,11,Norwich,Brighton,0,2,0.9913250466657366,1.2869241196783157,1.8124452791055348,1.6829458410562181,0.7,1.2,1.1,1.2,2.4,1.4,5.769119989304315,7.144375997876365,8.685385567801339,7.426998562282986,11.542698935856894,9.438700842478918,9.160396999782986,15.61497303796193
104,11,Southampton,Man City,1,2,1.5136568632042293,2.52039227211604,1.4711773547685412,1.0848645250692217,0.8,2.2,0.9,3.2,2.5,0.9,5.481272379557291,14.5196283734034,8.022660270569817,3.7464526948474703,8.918645949590774,8.755233038039435,11.017775278242807,23.475250970749627
105,11,Wolves,Arsenal,1,1,1.5288659261072552,1.3146128256060887,1.1791797607387966,1.5477883196842255,1.2,1.6,1.3,1.5,1.3,1.4,5.355970836821056,7.706252082945808,5.824745783730158,7.12009514702691,12.915672423347594,12.593338739304315,10.55846659342448,11.666192675393726
106,11,Liverpool,Aston Villa,2,1,2.0509206951807415,1.1610303498530312,0.8511282786670502,2.008069124657525,2.8,1.1,2.3,1.5,0.8,1.6,11.699413965618799,5.195317101857018,4.213194589766244,10.643685234917536,9.041923159644718,11.347681439112103,21.15365455264137,7.951507568359375
107,11,Chelsea,Watford,2,1,1.9888030540553503,1.2793406224830264,1.077377793275379,1.7773156225358266,2.0,0.5,2.3,0.5,1.6,2.1,8.718597412109375,6.565762958829366,4.9915887741815474,6.908631339905755,9.445406716967387,13.915969848632812,13.766276526072668,10.862993270631819
108,11,Leicester,Crystal Palace,2,0,1.7718624798275415,0.8855918758029031,1.2607433695455885,1.5018219527185832,2.0,1.5,2.5,1.0,0.8,1.2,8.086724901956224,6.442386929951017,6.906041947622148,7.793720548115079,10.138592916821677,14.459349132719494,12.731012011331224,8.03761000860305
109,11,Tottenham,Everton,1,1,1.3712468706679575,1.442747280991327,1.1375824475204228,1.3114380346030585,1.2,1.0,1.6,1.0,1.5,1.6,6.008044046068949,6.567205519903274,6.264413742792039,5.253369770352803,10.38824995737227,8.862605019221231,10.675432477678573,10.660864693777903
110,12,Watford,Norwich,2,0,1.3100935913588754,1.0160310443324496,1.6569416914090351,1.8107510151502582,0.45454545454545453,0.6363636363636364,0.5454545454545454,1.0,2.090909090909091,2.3636363636363638,6.6374748108878965,5.7806639898391,6.7631997729104665,8.701116289411273,13.770171356201171,11.515563989064049,10.819843607100228,9.052377149793838
111,12,Crystal Palace,Chelsea,0,2,0.9000078820127579,2.002771401352583,1.532861505082654,1.0641482536116098,1.3636363636363635,2.090909090909091,0.9090909090909091,2.272727272727273,1.2727272727272727,1.5454545454545454,6.470267583453467,8.732667541503908,7.904034520709326,4.99200933547247,13.686381676083517,9.273136381119016,8.135729508172897,14.077962699769035
112,12,Everton,Southampton,2,1,1.4565575169417606,1.5891760700440178,1.4002369828729058,1.3224581870301138,1.0,0.7272727272727273,1.0,0.9090909090909091,1.5454545454545454,2.4545454545454546,6.43884524390811,5.457208760579427,5.690701281835162,6.3715272570413255,9.369474768260169,8.272713652111236,10.977821459089007,11.216886514330668
113,12,West Ham,Burnley,0,3,1.2168128577525792,1.2870839361526003,1.8609876205827987,1.39039788160289,1.1818181818181819,1.0909090909090908,1.2727272727272727,1.2727272727272727,1.5454545454545454,1.6363636363636365,6.868521263485862,3.2023354424370662,6.752984437488374,6.511814335414341,10.453631942991226,12.953023807586186,10.877903154161242,8.857085927327475
114,12,Bournemouth,Newcastle United,1,2,0.9664363573209247,0.8789315580403645,1.775863165526133,1.8237700646440054,1.4545454545454546,1.0909090909090908,1.2727272727272727,0.8181818181818182,1.1818181818181819,1.5454545454545454,5.45828365749783,3.2881017170255147,8.86024393959651,9.292591446165055,14.271938336084759,25.93295708308144,10.13609363616459,6.255609518384176
115,12,Sheffield United,Tottenham,1,1,1.2499947570465815,1.3997068771345593,1.266406376562076,1.1858153251444017,1.4545454545454546,1.1818181818181819,1.0909090909090908,1.5454545454545454,0.7272727272727273,1.4545454545454546,5.506338876391213,6.0576418437655,6.265223148890904,6.801193055652437,14.352206529889788,11.11883745950366,13.567118762788319,10.491660853794642
116,12,Arsenal,Leicester,0,2,1.3649416843257842,1.7950377058361644,1.446555153700014,1.3348671010683093,1.5454545454545454,2.090909090909091,1.4545454545454546,2.4545454545454546,1.3636363636363635,0.7272727272727273,7.670939478798518,8.332388656858413,6.964090389675565,6.56073985024104,12.163671802339099,10.081663270980593,11.482883041624039,13.544461410764665
117,12,Brighton,Man Utd,1,3,1.2449809136944,1.8445349604803902,1.7560594490034074,1.0192584085738772,1.3636363636363635,1.1818181818181819,1.2727272727272727,1.1818181818181819,1.2727272727272727,1.0,6.837157197982545,7.434786066933283,7.655648634168838,5.1467132568359375,10.116765800354973,9.598506346203031,14.884224386063835,11.632698095412483
118,12,Aston Villa,Wolves,1,2,1.2095925823603797,1.5409361298018927,2.093028168424649,1.1316960227018569,1.0,1.1818181818181819,1.4545454545454546,1.2727272727272727,1.6363636363636365,1.2727272727272727,5.135551246764168,5.238172294980004,10.761500973171659,5.53350849454365,12.780297367156498,12.319888802180213,8.053932189941406,11.130543263753257
119,12,Man City,Liverpool,1,3,2.503750658510238,2.0607996604217047,1.0846564488157604,0.8959424647336977,2.272727272727273,2.8181818181818183,3.090909090909091,2.272727272727273,0.9090909090909091,0.8181818181818182,13.693646954733229,11.21444326733786,3.609130060105097,4.452534860277932,9.017471386137462,9.639827001662482,24.251488422212145,21.795971825009303
120,13,Tottenham,West Ham,3,2,1.4487833827193521,1.2327122733092801,1.2634154012742016,1.9171463651017624,1.1666666666666667,1.0833333333333333,1.5,1.1666666666666667,1.4166666666666667,1.6666666666666667,6.509567214503433,6.510861206054687,7.128411553122779,7.536939690329811,10.931617574980766,12.160285036491626,10.560221724076705,10.519816647153913
121,13,Liverpool,Crystal Palace,2,1,2.1159410394934457,0.894635569193996,0.892299670882166,1.4774909821243516,2.8333333333333335,1.25,2.3333333333333335,0.8333333333333334,0.8333333333333334,1.3333333333333333,11.477423118822504,6.539800875114672,4.15923782117439,8.453851133404356,9.110743956132367,14.109727963534269,22.66888219659979,7.811378166892311
122,13,Burnley,Watford,3,0,1.2199593936002096,1.379752064478926,1.476101114257304,1.6822316145268064,1.25,0.6666666666666666,1.4166666666666667,0.6666666666666666,1.5,1.9166666666666667,3.102229285962654,6.65395322857481,7.124913683804598,6.8194179650509,12.955159089059542,13.280618112737482,9.090854748812589,10.600759806777491
123,13,Norwich,Everton,2,0,1.0863996332264292,1.47755217526259,1.7930326962797918,1.4053630291059556,0.5833333333333334,1.1666666666666667,0.9166666666666666,1.0833333333333333,2.3333333333333335,1.5,5.790633808482777,6.282534096457741,8.669247367165305,5.568396678115382,11.719401989561138,9.534498642430162,8.959087279348662,11.160647756403144
124,13,Leicester,Brighton,2,0,1.8896550828436118,1.2855885994355636,1.351921369201568,1.643993564957798,2.1666666666666665,1.25,2.4166666666666665,1.25,0.6666666666666666,1.4166666666666667,8.771825536092123,6.935468234437884,6.035251675230084,7.353119150797525,9.896133122299656,10.02054917306611,13.246985892093543,14.662214186697295
125,13,Southampton,Arsenal,2,2,1.5703632032238355,1.3408787895837033,1.2970264058014724,1.5262576467136497,0.6666666666666666,1.4166666666666667,0.9166666666666666,1.3333333333333333,2.4166666666666665,1.4166666666666667,5.618244726007635,7.231351320671312,6.4455487453576294,7.011177190144856,7.896681213378907,12.201686720414596,11.434300763679275,11.324570176095673
126,13,Wolves,Bournemouth,2,1,1.5587440329927156,0.9479687047154282,1.1668002489426814,1.758875294365854,1.3333333333333333,1.3333333333333333,1.3333333333333333,1.25,1.25,1.25,5.045528099753639,5.2101798548842915,5.463803562973484,8.684778305978487,13.168984765717477,14.395941138989997,11.079154933582654,9.53899847088438
127,13,Chelsea,Man City,1,2,2.00952951947292,2.5656301740325,1.0603950148110823,1.0367065647786804,2.1666666666666665,2.0833333333333335,2.25,2.9166666666666665,1.4166666666666667,1.0833333333333333,9.290273562344638,14.207572093154445,4.856008911132812,3.535987784645774,9.07890290924997,8.607586323131216,14.847146213415897,24.603693493929775
128,13,Man Utd,Sheffield United,3,3,1.7234883713676454,1.240264995362646,1.045184571820519,1.3266342685365273,1.3333333333333333,1.4166666666666667,1.3333333333333333,1.0833333333333333,1.0,0.75,7.415023063890862,5.301505291100704,5.503680836070668,6.571349369395863,9.79857423955744,14.608924414894798,11.967575454711914,13.314067909934304
129,13,Newcastle United,Aston Villa,0,2,0.7995855326748935,1.2280026922530898,1.8402168798874592,2.0439077971326194,1.25,0.9166666666666666,0.9166666666666666,1.4166666666666667,1.5,1.6666666666666667,3.1386425480698095,5.356662553729433,9.142928198612097,10.272341838027494,25.66327721566865,12.65392021410393,6.334899994821259,8.142389817671342
130,14,Man City,Newcastle United,2,2,2.631778916781146,0.8248558438134397,0.9805691329129023,1.8770378432254817,2.1538461538461537,1.1538461538461537,2.8461538461538463,0.8461538461538461,1.0769230769230769,1.5384615384615385,14.448923255939675,3.1328657752335674,3.4303216269522006,9.220306190336593,8.290603559667414,25.135640665015785,24.745206265016037,6.279279161703706
131,14,Brighton,Liverpool,1,2,1.315734657792415,2.200689329514552,1.495436249751223,0.8583177262620758,1.1538461538461537,2.8461538461538463,1.1538461538461537,2.3076923076923075,1.4615384615384615,0.8461538461538461,6.9798237246696395,11.4158638222049,7.005072519514296,4.069269578625457,9.478026290855022,8.89779629129352,14.259621928918243,23.22434543840813
132,14,Crystal Palace,Burnley,2,0,0.8912060038109129,1.1889406272002008,1.4996319828691704,1.4675923594965832,1.1538461538461537,1.3846153846153846,0.8461538461538461,1.5384615384615385,1.3846153846153846,1.3846153846153846,6.517309171984893,3.1396363990475433,7.893274002845842,7.036375613646074,13.39682263172034,12.790360793682058,7.819237409938465,9.045402467612064
133,14,West Ham,Chelsea,1,0,1.2120109369213936,1.9644126644948816,1.9190465165558557,1.0622708058606203,1.0,2.0,1.2307692307692308,2.1538461538461537,1.7692307692307692,1.4615384615384615,6.239575322469076,9.444845497246945,8.014567203232737,4.362008539835612,12.94527315997114,8.867281954697887,10.373157620189167,14.395181787856902
134,14,Bournemouth,Tottenham,2,3,1.0311533836856186,1.474822533439379,1.77632715710061,1.3900677178877765,1.2307692307692308,1.3076923076923077,1.2307692307692308,1.6153846153846154,1.3076923076923077,1.4615384615384615,5.534755694264113,6.738335247232458,8.73957920989605,7.789727738409331,14.046110258198748,11.3094668426899,9.266540201264199,10.328545818906841
135,14,Watford,Southampton,1,2,1.334633728458971,1.4552315280895087,1.645512797254856,1.3681490138930776,0.6153846153846154,0.6923076923076923,0.6153846153846154,1.0,2.0,2.3846153846153846,6.376705177384194,5.509151195757317,6.951942216507112,6.4686508809677274,13.518925691373418,8.067652829488118,10.325728148161762,11.332871565192637
136,14,Arsenal,Norwich,2,2,1.4056167566843825,1.0817519401753282,1.4963769114339143,1.8099025839348004,1.3846153846153846,0.7692307692307693,1.3846153846153846,1.0,1.4615384615384615,2.1538461538461537,7.638378348976675,5.882690733129328,6.635711473888821,8.308028726866752,11.90161644039732,13.064426906662758,11.811046418758353,9.1691253093758
137,14,Sheffield United,Wolves,1,1,1.2446362455558688,1.5525680316180188,1.3009929656808388,1.1541692802367365,1.3846153846153846,1.4615384615384615,1.2307692307692308,1.3846153846153846,0.9230769230769231,1.2307692307692308,5.538942570638175,4.960297762263904,6.630876479004368,5.52781174784959,14.375219230940848,13.07861040047925,13.300981747020376,10.575856811350043
138,14,Aston Villa,Man Utd,2,2,1.1945100800758777,1.67406152256066,2.203943305585427,1.0400545479946643,1.0769230769230769,1.3076923076923077,1.4615384615384615,1.4615384615384615,1.5384615384615385,1.1538461538461537,5.17513494732404,7.231063769562075,10.427660928109681,5.77436080123439,12.501673538516268,9.890300312909213,7.844790241935035,11.760593144098918
139,14,Everton,Leicester,1,2,1.6109923762933152,1.7558259543917947,1.3458096112265405,1.3442246038181693,1.0769230769230769,2.230769230769231,1.0,2.3846153846153846,1.5384615384615385,0.6153846153846154,5.687428509105336,8.364666138754952,5.586380149860576,6.03378285542883,9.595561198995572,8.900460908870505,11.028954099886345,13.23669481325631
140,15,Bournemouth,Crystal Palace,0,1,1.080441330466941,0.9719433882797239,1.7907057279813556,1.4458274835280485,1.1428571428571428,1.2857142857142858,1.2857142857142858,0.9285714285714286,1.4285714285714286,1.2857142857142858,5.43726509063857,6.535874203831629,8.788056932592355,7.781994233505618,14.275106017498796,13.496944838192634,9.179365578138654,7.787728278786986
141,15,Man City,Burnley,4,1,2.628458892612258,1.21498375692327,1.0004329971190957,1.485668730285176,2.0714285714285716,1.2857142857142858,2.7857142857142856,1.4285714285714286,1.1428571428571428,1.4285714285714286,14.486669880335457,3.0573426913918684,3.459951401016188,6.919591936198147,8.35451733400957,12.683039224694287,24.195534599762883,9.082117757319292
142,15,Tottenham,Man Utd,1,2,1.3782823975378644,1.6782041563083272,1.4664093441228618,1.0543038346102542,1.4285714285714286,1.2857142857142858,1.7142857142857142,1.5,1.5,1.2142857142857142,6.363783891569669,7.029869009194304,7.528584363855126,5.744577693494605,11.259102733355672,9.971442608566552,10.354370979718116,11.500570330864344
143,15,Watford,Leicester,0,2,1.3796270850567027,1.6846633792228793,1.6108058050527463,1.3605754267482397,0.5714285714285714,2.2857142857142856,0.6428571428571429,2.357142857142857,2.0,0.6428571428571429,6.285293439792494,8.196794364187452,7.146098285102992,6.4170988994507985,14.075890087859058,9.519673950837024,10.428584757847847,12.573745012746453
144,15,Aston Villa,Chelsea,1,2,1.1619176568942975,1.928581023552771,2.2553849812256574,1.0495099671736734,1.0714285714285714,1.8571428571428572,1.5,2.0,1.5714285714285714,1.4285714285714286,5.235769946600659,9.581582208891293,10.185548175532903,4.271162057534243,12.22246540500916,8.564694187209508,7.887571509975561,14.495367103708558
145,15,Norwich,Southampton,1,2,1.0455986347839694,1.4735200462399125,1.8446974845526927,1.4214957825894978,0.7857142857142857,0.8571428571428571,1.0714285714285714,1.0714285714285714,2.142857142857143,2.2857142857142856,5.964125704932046,5.528029995920497,8.103873775833414,6.373702770161277,12.29271817948342,7.911204643738576,9.201082028245963,11.089299581915995
146,15,West Ham,Wolves,0,2,1.254038054732109,1.6697238765557874,1.8690375351498614,1.1297195386891699,1.1428571428571428,1.4285714285714286,1.2142857142857142,1.3571428571428572,1.6428571428571428,1.2142857142857142,6.191899348527956,4.807978617561447,8.283237695416092,5.392126680624605,13.831993423049175,13.152510000460817,9.820343865566507,10.515246933990424
147,15,Everton,Liverpool,2,5,1.6959403618204956,2.166809009148608,1.302424626179366,0.9208495444827651,1.0,2.857142857142857,1.0,2.2857142857142856,1.5714285714285714,0.8571428571428571,5.660988951062823,11.553715213658556,5.486903990250553,4.1435284409860165,9.226501152880356,8.555573357013,11.25860971142918,24.2926398446232
148,15,Newcastle United,Sheffield United,2,0,0.8344141959744611,1.2460602102515732,1.8021226184860404,1.2936384045060376,1.1428571428571428,1.3571428571428572,0.9285714285714286,1.2142857142857142,1.5714285714285714,0.9285714285714286,3.2046786300322765,5.442457573142015,8.750294413785188,6.592142144544551,23.28426987020749,14.458044802108446,6.422383809330487,13.529052749986402
149,15,Brighton,Arsenal,2,1,1.3412782863388604,1.3795101079872096,1.5326490862992532,1.5700036475021504,1.0714285714285714,1.3571428571428572,1.1428571428571428,1.4285714285714286,1.5,1.5,6.980599735259268,7.42935105029458,6.77410819184067,6.641723617851904,9.344256048899059,12.146462873136155,14.09579031626754,11.270337482801345
150,16,Chelsea,Everton,1,3,1.9259507795673483,1.649555161632036,1.0395336270071933,1.2821369049538625,1.9333333333333333,0.9333333333333333,2.0,1.0666666666666667,1.4,1.8,9.398340582144963,5.569968371383131,4.347863133224376,5.454421352395462,8.789193454088732,9.562482047164547,14.678383267007852,11.365272852260535
151,16,Crystal Palace,Watford,0,0,0.9880140535109894,1.3989055320674826,1.4565056799385516,1.556620424244279,1.4,0.5333333333333333,0.9333333333333333,0.6,1.2,2.0,6.6645802915911005,6.423623725547287,7.678629803290431,7.183295818306204,13.15734774426181,13.783358233694706,7.799460069303036,10.541080190744658
152,16,Liverpool,Bournemouth,3,0,2.145094597172216,1.118135265434495,0.9051653524556007,1.8448465526865476,2.8666666666666667,1.0666666666666667,2.466666666666667,1.2,0.9333333333333333,1.4,11.518852687347984,5.189644177777215,4.014830920850527,8.920262519358142,8.394506416561079,14.861721449502802,24.81211040778083,8.56538988307371
153,16,Burnley,Tottenham,0,5,1.3066610352311152,1.3978056251688953,1.4310470365209507,1.5367164297645737,1.2,1.3333333333333333,1.4,1.6666666666666667,1.6,1.5333333333333334,3.134759918532423,6.419947909215853,6.583846047883155,7.7459236685629484,12.053101983766465,11.461101463006703,9.078898905510906,10.395513109187462
154,16,Man Utd,Man City,2,1,1.6819380990177835,2.5555409781757508,1.0649565365344573,1.0445019830174824,1.4,2.1333333333333333,1.5333333333333334,2.8666666666666667,1.2,1.1333333333333333,7.0850645039213624,14.127515080688832,5.810583226687902,3.4506922707161767,10.26705353575828,8.161583203957923,11.369902103833663,23.847613470072567
155,16,Leicester,Aston Villa,4,1,1.6956672516901168,1.155540421910744,1.374097405196058,2.2746639773330064,2.3333333333333335,1.0,2.3333333333333335,1.4666666666666666,0.6,1.6,8.193623946081297,5.25419405309764,6.361361009039986,9.969376075017923,9.436759054086519,12.22317242866353,12.595414643640826,7.854340499297457
156,16,Sheffield United,Norwich,2,1,1.2435508930155947,1.1032151268990482,1.366878439171394,1.8094663096749786,1.2666666666666666,0.7333333333333333,1.1333333333333333,1.0666666666666667,1.0,2.1333333333333333,5.284881682520442,5.953513230508369,6.6289864887768575,8.144631883595153,14.603424776365234,12.154823611211272,11.589830431206071,9.204670230239277
157,16,Southampton,Newcastle United,1,2,1.41478171091868,0.9280787623042127,1.5045405593559642,1.7760382442146523,1.0,1.2666666666666666,1.1333333333333333,1.0,2.2,1.4666666666666666,5.348437031669851,3.2508830524296375,6.435499260601386,8.444864069853883,8.030824008541916,21.247306367502247,10.790095008486482,6.596967640591966
158,16,Wolves,Brighton,2,2,1.634314459891005,1.2919849671047376,1.1266450802373105,1.530152014170187,1.5333333333333334,1.2,1.4,1.2,1.1333333333333333,1.4666666666666666,4.7046157929586085,7.008041545143666,5.417339312586963,6.619837474197113,13.566578996670419,9.36824126936564,10.501485577002391,14.379470148301838
159,16,Arsenal,West Ham,3,1,1.3997814216504483,1.2993901540252895,1.5727195189916467,1.8568654765485975,1.2666666666666666,1.0666666666666667,1.4,1.1333333333333333,1.5333333333333334,1.6666666666666667,7.4570052478998505,6.407910545230347,6.897091603533228,8.31475765972466,12.079361473795828,14.341974427102873,11.823275932839728,9.919198366622178
160,17,Watford,Liverpool,0,2,1.39227420637777,2.1105036201403786,1.608384825176751,0.9340329429346623,0.5625,2.875,0.5625,2.5,1.875,0.875,6.401455407299106,11.231116252245982,7.3826533497795195,4.092324417806317,13.928872011913734,8.371218201813429,10.6003525057733,24.112576192695478
161,17,Aston Villa,Sheffield United,0,2,1.1519625228236914,1.2656613885579113,2.201405809721882,1.3994231658035354,0.9375,1.375,1.4375,1.1875,1.75,1.0,4.973118805310042,5.421751752625461,9.676433411477003,6.613527592475894,12.39913794652451,14.753567475380454,8.014938020101518,11.57274003250632
162,17,Newcastle United,Burnley,0,1,0.9212937147005287,1.3151306904323121,1.7715570228382929,1.3939011533102184,1.375,1.125,1.0625,1.3125,1.4375,1.8125,3.260532400600008,3.2168660692452082,8.5388973033098,6.721686280494044,21.564510458560026,12.093605906219022,6.696851011383965,9.005010401876712
163,17,Norwich,Leicester,1,1,1.1231155163951656,1.6057752229089675,1.8516419754317084,1.3792007669343678,0.6875,2.375,1.0625,2.4375,2.125,0.625,5.9132637393740755,7.85491717477673,8.380963879118042,6.144490278618447,12.160778365488628,9.645865171551385,9.135619085248479,12.772161360703935
164,17,Bournemouth,Chelsea,1,0,1.1551940064127448,1.9516665787814769,1.7987075739437228,1.001095689584393,1.0,1.8125,1.125,1.9375,1.5,1.5,5.312322799999414,9.105969066073616,8.532580308564224,4.322780946040698,13.779479966791373,8.973393202322914,8.548674109345775,14.935244161892768
165,17,West Ham,Southampton,1,0,1.329295659949339,1.3964060074924756,1.859367610262005,1.5199271193311936,1.0,0.9375,1.125,1.125,1.75,2.1875,6.500522489277669,5.323376917503308,8.365325262021763,6.567633847547594,14.432050366606829,8.185855701178143,9.416090611492262,10.70509866265904
166,17,Everton,Man Utd,1,1,1.6345795909255758,1.6837876412876982,1.2830906320674724,1.026259480247321,1.0625,1.5,1.1875,1.5625,1.75,1.1875,5.591890231820943,7.049874677149107,5.010360635179902,5.149451812329744,9.62257751051703,9.89270944097975,11.648552577347477,11.691821415519573
167,17,Tottenham,Wolves,2,1,1.3593812261369296,1.6251696314252746,1.5540343693709033,1.1333767756310529,1.4375,1.5,1.875,1.4375,1.4375,1.1875,6.551484367262618,4.462485631149324,8.005382271199984,5.394929286148,11.478836134660806,13.203755111926974,10.37226361338698,10.713081176117868
168,17,Man City,Arsenal,3,0,2.575726852266407,1.3834468975525502,1.0199458156432109,1.616505873949632,2.0,1.375,2.75,1.5,1.1875,1.5,13.757828209050867,7.47604713322901,3.261137781996018,7.017803753680446,8.376649170789502,11.624334868537321,24.007930697992254,11.815912430041383
169,17,Brighton,Crystal Palace,1,1,1.3050758889164584,1.0179089786460276,1.517000937792117,1.4520897445515728,1.1875,1.375,1.25,0.875,1.5,1.125,7.046812373803038,6.843987225883067,6.451369684743156,7.704730949570832,9.536250548956627,13.317245734425725,14.047911307851908,7.714823918122384
170,18,Arsenal,Everton,0,0,1.4227982153222842,1.683073183458632,1.6136835837335477,1.275941368927025,1.2941176470588236,1.0588235294117647,1.411764705882353,1.1764705882352942,1.588235294117647,1.7058823529411764,7.7073345308443315,5.7201720258145485,7.054153887740462,5.046444943579184,11.396632542413652,9.57338385017835,11.952195016828577,11.77885802653846
171,18,Crystal Palace,Newcastle United,0,1,1.0369464778833857,0.9153663473684047,1.4152518782855572,1.7835404879396606,1.3529411764705883,1.2941176470588236,0.8823529411764706,1.0,1.1176470588235294,1.411764705882353,6.9098439125217475,3.3055514149071508,7.587042769198362,8.77242934985658,13.11429022494093,21.977528689222886,7.811781915198184,6.686024261790536
172,18,Southampton,Aston Villa,3,1,1.4174960791886355,1.1583690414959662,1.5419516593073075,2.212598874354806,0.8823529411764706,0.8823529411764706,1.0588235294117647,1.3529411764705883,2.1176470588235294,1.7647058823529411,5.263497521699854,5.115015905499686,6.516477913531436,9.557734604744038,8.228207690505934,12.48482144461467,10.694566472039721,8.01547152081943
173,18,Wolves,Norwich,2,1,1.6575446539761773,1.1216524991235644,1.1385257676178764,1.879764545982841,1.411764705882353,0.7058823529411765,1.411764705882353,1.0588235294117647,1.2352941176470589,2.0588235294117645,4.3361458322618,5.874451730066008,5.230462474938999,8.501712589086544,13.461032080210082,12.202234735684652,10.80997693240779,9.211891195435925
174,18,Sheffield United,Brighton,1,0,1.2434350095778366,1.2629875278063318,1.414667564582233,1.553863149856121,1.4705882352941178,1.1764705882352942,1.2352941176470589,1.2352941176470589,0.9411764705882353,1.4705882352941178,5.151100029504941,6.905627101438861,6.8140107207786045,6.503204316341126,14.994766313786897,9.698259497133648,11.628909319381547,13.871050997418047
175,18,Burnley,Bournemouth,1,0,1.3108132150906089,1.153316292356057,1.4048526230712974,1.7907617730131415,1.2352941176470589,1.1176470588235294,1.2941176470588236,1.1176470588235294,1.7058823529411764,1.411764705882353,3.2603255717182513,5.394905757142251,6.890317933368832,8.623029605298658,12.275520402869702,13.66446139417678,8.969475059086594,8.711126756108126
176,18,Leicester,Man City,1,3,1.625116838012859,2.607162454133065,1.386883651467738,1.0463149519161827,2.2941176470588234,2.0588235294117645,2.3529411764705883,2.764705882352941,0.6470588235294118,1.1176470588235294,7.956878502447328,14.034893502231254,6.113936359997677,3.34189270278159,9.74036035624965,8.390100926889128,12.835452837871932,24.22249965149198
177,18,Man Utd,Watford,0,2,1.6909489856194018,1.405867570891262,1.053027354541868,1.609872140361635,1.4705882352941178,0.5294117647058824,1.5294117647058822,0.5294117647058824,1.1764705882352942,1.8823529411764706,7.1587987727615765,6.380078814702645,5.261932234198662,7.289176683700216,9.960306206729028,13.819188869482083,11.716529323216701,10.800365095265203
178,18,Chelsea,Tottenham,2,0,1.949183599452244,1.3726018056418203,0.9937144642124071,1.5838688468484357,1.7058823529411764,1.5294117647058822,1.8235294117647058,1.8823529411764706,1.4705882352941178,1.411764705882353,9.216896532719101,6.428323094664854,4.370023122685009,8.005574495171413,9.15101438812016,11.603080282327266,14.861502881960366,10.528415885293658
179,19,Brighton,Tottenham,1,2,1.2950881634911906,1.4147531443203518,1.549806732542895,1.587335340957991,1.1111111111111112,1.4444444444444444,1.1666666666666667,1.7777777777777777,1.4444444444444444,1.4444444444444444,6.825074297648047,6.406335521382733,6.7148660208157835,8.005788898831852,9.763577170100326,11.587814139339851,13.635322189626434,10.548739573189568
180,19,West Ham,Crystal Palace,1,2,1.3445119335189584,1.038930265494285,1.8969920249142194,1.4422089505273095,1.0555555555555556,1.2777777777777777,1.0555555555555556,0.8333333333333334,1.5555555555555556,1.1111111111111112,6.446969721037586,6.637145601464891,8.414086878522541,7.648082875705992,14.554623593985644,13.310993695130964,9.5023795619027,7.650696604244267
181,19,Burnley,Everton,0,1,1.3556784156710169,1.7290943443608868,1.4535572624201933,1.2910999600396027,1.3333333333333333,1.0555555555555556,1.2777777777777777,1.1111111111111112,1.6111111111111112,1.6111111111111112,3.3857227090920303,5.632486334499723,6.924560930806095,5.202077441409153,12.439963495287767,9.480052459800595,9.122147176743772,11.924198719866862
182,19,Norwich,Aston Villa,0,1,1.1161252875513938,1.1682571682249647,1.888515490059104,2.1950221607862566,0.6666666666666666,0.8333333333333334,1.0555555555555556,1.3333333333333333,2.0555555555555554,1.8333333333333333,5.946546027376239,5.07814156822884,8.751778457897565,9.74764021327504,12.133089917826368,12.588355671473614,9.220040856798844,7.849449500853572
183,19,Southampton,Chelsea,2,0,1.3706905437728136,1.966700660969638,1.5658323385114348,1.0212932128359613,1.0,1.7777777777777777,1.1666666666666667,1.8333333333333333,2.0555555555555554,1.3888888888888888,5.273632041765234,9.26370024551599,6.536342448667261,4.268870165865201,8.083138755525393,9.118361095355553,10.721280567118171,14.971560685112689
184,19,Arsenal,Bournemouth,1,1,1.4453390576273795,1.1923464574466744,1.660648608055779,1.854086533513647,1.2777777777777777,1.0555555555555556,1.3333333333333333,1.0555555555555556,1.5,1.3888888888888888,7.986806802962846,5.371632901647723,7.014743633062981,8.95468459011784,11.538158898347557,13.997709909337424,11.950203142529768,8.738477785189207
185,19,Watford,Sheffield United,1,1,1.3986736313101567,1.2261060516435798,1.612909530375544,1.4557632547731592,0.6666666666666666,1.5555555555555556,0.6111111111111112,1.2222222222222223,1.7777777777777777,0.8888888888888888,6.317774153729669,5.324062530734314,7.261837325380994,6.722927834144379,14.043003826000625,14.786214910194683,11.02345606046771,11.780113874355777
186,19,Newcastle United,Man Utd,1,4,0.9230970530364203,1.6971047158355326,1.8142394297834936,1.032262637408863,1.3888888888888888,1.3888888888888888,1.0,1.4444444444444444,1.3333333333333333,1.2222222222222223,3.2019187770189648,7.126444879406252,8.57136894023568,5.1566219355139955,22.361279792654535,10.151087214680144,6.6354867333978635,11.859472758725037
187,19,Liverpool,Leicester,4,0,2.1299237494311063,1.6486259471671998,0.9312605480394718,1.3020949457549584,2.7222222222222223,2.1666666666666665,2.3333333333333335,2.2777777777777777,0.7777777777777778,0.7777777777777778,11.275084689826196,8.262912291002994,3.9884788612993995,5.695241604612972,8.491618851878194,8.884220369951557,24.366596771006034,13.021431793174699
188,19,Man City,Wolves,2,3,2.566152973055276,1.6577486791291072,1.0476664082460236,1.1336475279108715,2.111111111111111,1.5,2.7777777777777777,1.4444444444444444,1.1111111111111112,1.2222222222222223,13.911347398157556,4.4259975950411,3.481138232064156,5.277787954744346,8.406355132176174,13.632610237141236,23.898437136970813,10.687283737500398
189,20,Bournemouth,Brighton,0,2,1.1784124750407774,1.302410240758733,1.8706037078795563,1.5684980444194272,1.0526315789473684,1.0526315789473684,1.0526315789473684,1.1578947368421053,1.368421052631579,1.4736842105263157,5.232080320941866,6.997398379706906,8.799095535891603,6.704682664416348,13.651467982773479,9.790847783318195,8.805342315388792,13.765155124970235
190,20,Aston Villa,Watford,0,3,1.189676466901005,1.4273187252855195,2.226062667485684,1.5974845136032423,0.9473684210526315,0.6842105263157895,1.3157894736842106,0.631578947368421,1.736842105263158,1.736842105263158,5.123064133571709,6.3291232306485865,10.028791888828167,7.306902944144602,12.654537157785015,13.830253962643503,7.801509896722471,10.952865205484414
191,20,Crystal Palace,Southampton,1,1,0.9995367035476523,1.3856662954563834,1.4652757701889991,1.5929807746080282,1.368421052631579,1.105263157894737,0.8947368421052632,1.2105263157894737,1.105263157894737,1.9473684210526316,6.445615087231495,5.3995409664485114,7.635514406981206,6.403124850539079,13.464957755671357,7.932490246122524,7.602507197252992,10.94132981969964
192,20,Everton,Newcastle United,2,1,1.7388591268363056,0.9185583763591496,1.3190171892718952,1.807734409418618,1.1578947368421053,1.3157894736842106,1.105263157894737,1.0,1.5263157894736843,1.4736842105263157,5.772197347365097,3.1734158761982134,5.363695804540274,8.663203545244096,9.652362169792926,21.731325499535053,11.882821747554049,6.693896973876359
193,20,Leicester,West Ham,2,1,1.7031842309945997,1.3640895740017784,1.2139651223890642,1.888243525804013,2.0526315789473686,1.0,2.1578947368421053,1.0526315789473684,0.9473684210526315,1.5789473684210527,8.450873444253101,6.3915043539317855,5.684357376206293,8.28601855275549,8.487228240306969,14.75300300805656,13.093625785788081,9.520321689113509
194,20,Tottenham,Norwich,2,2,1.4296878806403652,1.1041994049639436,1.6064609309948366,1.9325984004183574,1.5263157894736843,0.631578947368421,1.7894736842105263,1.0,1.4210526315789473,2.0,6.383502272205146,6.051779814068247,8.236780779556154,8.921484831393908,11.648883913929847,12.244985986320167,10.608306479850706,9.156470887398804
195,20,Man Utd,Burnley,2,0,1.6864163128296585,1.3860794316583638,1.0316227316020368,1.45272446482097,1.4736842105263157,1.263157894736842,1.5789473684210527,1.2105263157894737,1.2105263157894737,1.5789473684210527,7.166675053670762,3.4774812748263395,5.197929861782352,7.113967120452482,10.335054615204434,12.418423629721913,10.854453928679503,9.280691298926225
196,20,Chelsea,Arsenal,2,1,2.0062266488614107,1.4462015183618537,1.022720791865817,1.665066050058103,1.6842105263157894,1.263157894736842,1.736842105263158,1.3157894736842106,1.4210526315789473,1.4736842105263157,9.237403825712988,7.777923753086299,4.34990124321753,6.932024617773939,9.265445420189678,11.72724885244537,15.077687852438142,11.489794940135177
197,20,Wolves,Liverpool,0,1,1.6314522033837182,2.0668542782553794,1.1198335110505455,0.96242464604099,1.5789473684210527,2.736842105263158,1.5263157894736843,2.4210526315789473,1.263157894736842,0.7368421052631579,4.441211794863996,11.47797256251182,5.430566095985215,4.026497279041685,13.655203459896281,8.39514265387351,10.426115299553985,24.534542800660113
198,20,Sheffield United,Man City,0,2,1.1968666249165651,2.6034998649501073,1.4864472638722006,0.999581279969096,1.5263157894736843,2.0,1.2105263157894737,2.736842105263158,0.8947368421052632,1.2105263157894737,5.299921906831969,14.372466948091756,6.748746685363821,3.462607454637876,14.850008299844493,8.063724958325324,11.486546512725628,24.287667034719767
199,21,Chelsea,Brighton,1,1,2.025825366125311,1.3117814038648383,1.0318556684760407,1.6095661999740205,1.75,1.15,1.75,1.2,1.4,1.4,9.284996280548103,6.843452163541787,4.247974367956665,6.770247382278516,9.391039474812358,9.82126500575351,15.119137385224224,13.640738014392168
200,21,Aston Villa,Burnley,2,1,1.210343590718898,1.421772911360448,2.189381334181601,1.4294139099931478,0.9,1.2,1.25,1.15,1.8,1.6,5.091744995484984,3.494534177498709,10.101248742000603,7.046608803325785,12.535056341991623,12.397653045069124,7.794420964462558,9.326430273887876
201,21,Leicester,Newcastle United,3,0,1.6677878552636227,0.8911140831421936,1.2305751655578745,1.768579579011642,2.1,1.25,2.15,1.0,0.95,1.5,8.468214730570528,3.064701102205837,5.633755736829612,8.765634450830408,8.544429326472624,22.028684172594094,13.289534469856854,6.643662242102372
202,21,Tottenham,Southampton,0,1,1.4156806620918068,1.3823197345798257,1.6542612499589378,1.6449501951297436,1.5,1.1,1.8,1.2,1.45,1.9,6.2186273533553305,5.449524572393101,8.388094378826016,6.560379309486903,11.74348691085591,8.037222040626899,10.701460282702516,10.653520170403198
203,21,Wolves,Watford,1,2,1.6802094419753995,1.3570948301041934,1.1055486460909512,1.635426341049521,1.5,0.8,1.45,0.75,1.25,1.65,4.496643017743381,6.264858739519687,5.100972484292338,7.357168441996317,13.372711285276907,14.054494499668252,10.596350503382983,10.758744636464584
204,21,Everton,Man City,1,2,1.7000412385090309,2.6667173593230284,1.307835303174463,0.9898363333011415,1.25,2.05,1.15,2.7,1.5,1.15,5.764061538342422,14.596319737595579,5.340970654702427,3.5235494319144536,9.711375104428388,7.983046831588879,11.80720823853812,23.88298649449976
205,21,Bournemouth,West Ham,0,4,1.2026155634350908,1.3864736345403084,1.899598126018112,1.8599648152580133,1.0,0.95,1.0,1.05,1.4,1.6,5.240368903832647,6.368100675236854,8.720491805030587,8.297019266323009,13.531877553586817,15.012733892981812,8.798390255224106,9.617257138694798
206,21,Crystal Palace,Norwich,1,1,1.0326789998379469,1.1363589205394797,1.4647336844270376,1.9368564158190633,1.35,0.65,0.9,1.05,1.1,2.0,6.616600282894245,6.130694422301641,7.775341884172791,8.841541940293673,13.25207151550487,12.408254678101713,7.702603627916568,9.162488998452604
207,21,Man Utd,Arsenal,0,2,1.67030078640003,1.4698082154462053,1.0564289135867306,1.6710805518458924,1.55,1.2,1.6,1.3,1.15,1.5,7.096162555735021,7.805706744267951,5.282465625697059,6.893882639837294,10.424864408096914,11.646079168604134,10.771932925936406,11.685859045140003
208,21,Sheffield United,Liverpool,0,2,1.1953419009547552,2.087411931050214,1.5031208998668757,0.9838053833995968,1.45,2.75,1.15,2.35,0.95,0.7,5.437418652949967,11.387900154030099,6.654944463920647,4.063157896150316,14.05209197900468,8.48068346294042,11.548485950755861,24.66077647211226
209,22,West Ham,Sheffield United,0,1,1.3502514666380123,1.2187058551612036,1.9037823466140908,1.438813437361329,1.0476190476190477,1.380952380952381,1.1904761904761905,1.0952380952380953,1.5238095238095237,1.0,6.305335316592117,5.372311096822882,8.462289238104661,6.265567149917341,14.743992888865726,13.304262478129875,9.410228567106136,11.446339532037356
210,22,Arsenal,Crystal Palace,1,1,1.4541774374264271,1.022437422908637,1.7052061786975314,1.45704882613577,1.2857142857142858,1.3333333333333333,1.3333333333333333,0.9047619047619048,1.4285714285714286,1.0952380952380953,7.798767699420379,6.601854139928639,6.961521305545768,7.805162725871744,11.597724853197139,13.454074266101209,11.710354011037861,7.575780690528744
211,22,Southampton,Leicester,2,1,1.3776911536719623,1.6382250804660698,1.6651984163843774,1.2479004411562542,1.1904761904761905,2.142857142857143,1.1904761904761905,2.1904761904761907,1.8095238095238095,0.9047619047619048,5.5012933071214265,8.178530681746317,6.651821427682864,5.77351557286152,8.10997997064929,8.75767660826003,10.81971731934617,12.300670411005193
212,22,Brighton,Everton,0,1,1.301858380936563,1.7304376398843535,1.610896823049944,1.2903447782878366,1.1428571428571428,1.1904761904761905,1.1904761904761905,1.1428571428571428,1.380952380952381,1.5238095238095237,6.722046477524165,5.898492307568937,6.761410743135381,5.210291035227513,9.737467505974799,9.272495643872258,13.857689476484174,11.871751389914483
213,22,Newcastle United,Wolves,1,1,0.8953831632630472,1.697428266666761,1.7428934089736283,1.1068955170944494,1.1904761904761905,1.4285714285714286,0.9523809523809523,1.4285714285714286,1.5714285714285714,1.2857142857142858,3.105651144598369,4.400360056887356,8.487389622016192,5.027932964457428,21.375941256155407,13.579354027018326,6.783803097567848,10.234671676590022
214,22,Burnley,Chelsea,0,3,1.3888298010518927,2.043165957130131,1.4180272639214744,1.0111662711097347,1.1428571428571428,1.7142857142857142,1.1428571428571428,1.7142857142857142,1.619047619047619,1.380952380952381,3.2979103981236624,9.372880752876878,7.119701974873135,4.026742612878076,12.590426368107305,9.444540993074373,8.730945640812443,15.239104207732849
215,22,Norwich,Man Utd,0,4,1.1160442636371521,1.707021470492339,1.961390893350566,1.023696564109297,0.6666666666666666,1.4761904761904763,1.0476190476190477,1.5238095238095237,1.9523809523809523,1.1904761904761905,6.097259592390166,7.17678419249406,8.912370476458815,5.177945072839254,12.462418319567163,10.402743808408333,9.207200113777704,10.686238038472421
216,22,Liverpool,Tottenham,1,0,2.053158785730579,1.4277406857379427,0.9962767542352966,1.6593448660288999,2.761904761904762,1.4285714285714286,2.3333333333333335,1.7142857142857142,0.6666666666666666,1.4285714285714286,11.223182302388317,6.297864044546593,3.9582706781556842,8.54481203521266,8.283565015188293,11.94861144338648,24.398661346116267,10.869369578513322
217,22,Watford,Bournemouth,3,0,1.36811655433897,1.2198265121292011,1.6509227387821945,1.8842891305187588,0.9047619047619048,0.9523809523809523,0.8095238095238095,0.9523809523809523,1.619047619047619,1.5238095238095237,6.236584075655059,5.284667793255242,7.370905689765406,8.746223655210251,13.825821211193954,13.479444609072061,10.86485019940553,8.326904192910682
218,22,Man City,Aston Villa,6,1,2.7029318326281544,1.1911330046731443,0.9957069305220225,2.1838528104023727,2.0952380952380953,1.0,2.6666666666666665,1.2857142857142858,1.1428571428571428,1.7619047619047619,14.82949972666206,5.09502160246659,3.587030658244223,10.140579054214909,7.8990071162384154,12.054165497062753,23.961444265103914,7.822793141764793
219,23,Tottenham,Watford,0,0,1.4401214813432481,1.3348967884225047,1.6560258224146267,1.6984397294529872,1.3636363636363635,1.0,1.6363636363636365,0.9090909090909091,1.4090909090909092,1.5454545454545454,6.386243430875307,6.209319221214168,8.065766344259302,7.455580892971313,11.292788806593652,13.926743397308023,10.825883793071526,10.7885948493843
220,23,Everton,West Ham,1,1,1.7190956260337518,1.3661615190179415,1.2810026543758302,1.8993574304217367,1.2727272727272727,1.0,1.1363636363636365,1.1363636363636365,1.4545454545454546,1.5,5.740742011706203,6.423383006470408,5.179917613505495,8.621656710894115,9.32143778402119,14.913421206325218,11.674511058757348,9.424879587359927
221,23,Aston Villa,Brighton,1,1,1.193861463201192,1.2935947516842974,2.118542094169138,1.5960956381588707,0.9545454545454546,1.0909090909090908,1.2727272727272727,1.1363636363636365,1.9545454545454546,1.3636363636363635,5.265647502569365,6.747833851721456,9.72976984814053,6.645746841104502,11.139755726107033,9.4780913454739,7.857076189338326,14.066892672072893
222,23,Crystal Palace,Man City,2,2,1.0476008308696598,2.665489755222017,1.4576848556406188,0.9910661066120949,1.3181818181818181,2.1363636363636362,0.9090909090909091,2.8181818181818183,1.0909090909090908,1.1363636363636365,6.659063216354662,14.644839002614276,7.798204251795735,3.6794246103243733,13.648862632747681,7.93111451324693,7.667772858047628,23.60292441742906
223,23,Bournemouth,Norwich,0,1,1.2544180318264782,1.1460463087670503,1.868366789384865,1.9194919966845148,0.9090909090909091,0.6363636363636364,0.9090909090909091,1.0,1.5909090909090908,2.0454545454545454,5.2956165545342895,6.1721617206898145,8.81338610348757,8.623526564903772,13.497884786344063,12.371790402408848,8.22409281571494,9.357457260698336
224,23,Sheffield United,Arsenal,1,1,1.1898139214169605,1.454799830652528,1.4578864172670907,1.763012186143262,1.4545454545454546,1.2727272727272727,1.0909090909090908,1.3181818181818181,0.9545454545454546,1.4090909090909092,5.4213222074236995,7.7903830202295605,6.382194548128674,7.0432513599435085,13.457986138063086,11.872630055413685,11.497994515324404,11.864952094831104
225,23,Wolves,Southampton,3,2,1.6849060619048597,1.3381404288131915,1.1398383927049656,1.6992401247068536,1.4090909090909092,1.2727272727272727,1.4090909090909092,1.2272727272727273,1.2727272727272727,1.7727272727272727,4.486087201776191,5.597496895856866,5.136073427473765,6.830737636439897,13.921473813697553,8.152671507981955,10.028767093611094,10.774321831628715
226,23,Chelsea,Newcastle United,0,1,2.013410098456207,0.9207720262367274,1.021657673649368,1.731994959294115,1.7727272727272727,1.1818181818181819,1.7727272727272727,0.9545454545454546,1.3181818181818181,1.5454545454545454,9.350483636908194,3.1451386854768826,4.134840563338007,8.719082108516771,9.460417457112744,21.567939158160954,14.783357929437592,6.8832246367667
227,23,Leicester,Burnley,1,2,1.6688719047684293,1.4146537549385039,1.2065393854832633,1.3619386971492236,2.0454545454545454,1.0909090909090908,2.1363636363636362,1.0909090909090908,0.9545454545454546,1.6818181818181819,8.399192491808687,3.3862915672822647,5.872569700463718,7.008921281599025,8.641879344269318,11.997750459188357,12.489980068541094,8.720597396228307
228,23,Man Utd,Liverpool,0,2,1.6560379515813513,2.0649864313356012,1.0504004771132005,0.9920627832443465,1.5454545454545454,2.772727272727273,1.6363636363636365,2.272727272727273,1.1363636363636365,0.6363636363636364,6.825955056511705,10.847150852480176,5.220014539726369,3.956665704238595,10.595698944422917,8.14062520808015,10.53217511127501,24.22168678250535
229,24,Brighton,Bournemouth,1,3,1.2933376267490782,1.2792794615345668,1.618235855011135,1.8722206032914672,1.0869565217391304,0.8695652173913043,1.1304347826086956,0.8695652173913043,1.3478260869565217,1.565217391304348,6.738135153710742,5.341888574339086,6.747506334993137,8.913864178612126,9.57340255106905,13.51566638585635,14.223311620998775,8.196381844847615
230,24,Newcastle United,Everton,2,2,0.9218406426304477,1.7106801126778144,1.7195963038823505,1.2665970348892528,1.2608695652173914,1.2608695652173914,0.9565217391304348,1.1304347826086956,1.4782608695652173,1.434782608695652,3.1507209426106084,5.8029113692671395,8.631354497305878,5.293486099702119,21.5128598950133,9.368631990593377,6.994117892026958,11.770029310855826
231,24,Man City,Sheffield United,1,0,2.6735043283562674,1.190037834809334,1.0079140277209322,1.4674308513198862,2.0869565217391304,1.434782608695652,2.782608695652174,1.0869565217391304,1.173913043478261,0.9565217391304348,14.296707294389872,5.605543966066353,3.7494006357545557,6.3981193209673695,8.094910951298885,13.685402227149048,23.378046268155266,11.602077620129588
232,24,Southampton,Crystal Palace,2,0,1.3578249441279484,1.0653271705184928,1.6821701291606699,1.4186288885498735,1.2173913043478262,1.3043478260869565,1.2608695652173914,0.9565217391304348,1.826086956521739,1.1304347826086956,5.725978927851754,6.838257955445226,6.8961211234556075,7.213519799941725,8.265266918981311,13.058434272468746,10.623404754186883,7.808841044895614
233,24,Watford,Aston Villa,1,2,1.294248972592601,1.2000547297440916,1.6958039498165636,2.147765740389464,1.0,0.9565217391304348,0.8695652173913043,1.2608695652173914,1.4782608695652173,1.9130434782608696,6.101985345107021,5.310849199089699,7.24233400423944,9.827261628431264,14.116233527973717,11.180461287753714,10.93431003589908,7.887686053243266
234,24,Arsenal,Chelsea,2,2,1.4628705388901184,2.0118351022429843,1.783675478505521,1.026606507251267,1.2608695652173914,1.6956521739130435,1.3043478260869565,1.6956521739130435,1.391304347826087,1.3043478260869565,7.854325270952046,9.287040699866203,7.259081765655777,4.178488277312546,11.975223985964174,9.67043351315554,12.00298609821793,14.467333234415962
235,24,West Ham,Leicester,1,4,1.353923115903247,1.6432842857210614,1.8972277162071882,1.194911669540312,1.0,1.9565217391304348,1.1304347826086956,2.0869565217391304,1.4782608695652173,1.0,6.593513122103884,8.183776818416714,8.799412738236196,5.9830531504815525,15.140860483491574,8.628105472895061,9.479682648412233,12.62421007117729
236,24,Norwich,Tottenham,1,2,1.1224150129503982,1.4284483199626496,1.9718456119416115,1.6297503160722921,0.7391304347826086,1.3478260869565217,1.0,1.565217391304348,1.9565217391304348,1.3478260869565217,6.178783325331731,6.150037839120854,8.801354509707764,8.032400856554275,12.501474648655343,11.446102692543425,9.217359463032889,10.891093928538366
237,24,Burnley,Man Utd,2,0,1.4112892461863076,1.6651740266421722,1.3272168649045528,1.0136254954637083,1.173913043478261,1.4782608695652173,1.1304347826086956,1.565217391304348,1.6521739130434783,1.173913043478261,3.4000876946852028,6.8961840971467705,6.75923989879899,4.959245868177383,12.104812975587942,10.426302749977644,8.710618731807887,10.514181846324046
238,24,Liverpool,Wolves,2,1,2.067073446740444,1.6659716796704311,0.9768328826459303,1.153410100116695,2.782608695652174,1.4782608695652173,2.260869565217391,1.4782608695652173,0.6086956521739131,1.3043478260869565,10.805977668640182,4.466321324921429,3.9194037651042595,5.256691636222756,8.038504679797299,13.879992037301305,24.551032739023398,10.222181212596137
239,24,Liverpool,West Ham,2,0,2.0854131946919994,1.3607582271855057,0.943079531978466,1.8609494203574448,2.9130434782608696,1.0,2.347826086956522,1.173913043478261,0.6521739130434783,1.6521739130434783,11.144669117434036,6.757567162179024,3.916303909915962,8.470820336030345,7.924601013635655,15.145891215044845,24.649149382831993,9.639671314426955
240,25,Chelsea,Leicester,2,2,1.9627534987516624,1.5979365816396707,1.0429825610816694,1.1960678005953231,1.6666666666666667,2.0,1.7083333333333333,2.1666666666666665,1.3333333333333333,1.0,8.868720724861422,7.833197419074453,4.256291430073708,6.125305048713037,9.730091852911096,8.757680668355597,14.234023707073675,12.539360430862192
241,25,Southampton,Liverpool,0,4,1.3665643650559467,2.0656498560263072,1.7209232495130031,0.9455694755160993,1.2916666666666667,2.9166666666666665,1.2916666666666667,2.3333333333333335,1.75,0.625,5.638516578922976,11.150233314258422,6.8152027051269775,3.990007906451191,8.429315646634437,7.960162591083181,10.762766475501763,24.13565512832553
242,25,Brighton,West Ham,3,3,1.2690900419901165,1.3793127359234094,1.6073460641186759,1.832552859601962,1.0416666666666667,0.9583333333333334,1.125,1.125,1.4166666666666667,1.6666666666666667,6.835925694914698,6.940550514570525,6.77420298981432,8.373544195108435,9.701024070750087,14.266887031008107,14.338429893177302,9.741197134212607
243,25,Aston Villa,Bournemouth,1,2,1.205582426816762,1.2545152100551271,2.1617972295723584,1.8683725495719083,1.0416666666666667,0.9583333333333334,1.2916666666666667,0.9583333333333334,1.875,1.5416666666666667,5.282134582385103,5.316576596429051,10.195064196282567,9.102858954712591,11.39631384141012,13.612422785312365,7.84133963879507,8.280858069649447
244,25,Sheffield United,Crystal Palace,1,0,1.204862650338239,1.0792821051798676,1.417231953152739,1.428915634569512,1.375,1.25,1.0416666666666667,0.9166666666666666,0.9583333333333334,1.1666666666666667,5.591456250568724,6.761052882425412,6.233766439573346,7.185431221368214,13.3527380209758,13.274806925056916,11.730723249419931,7.944871082213314
245,25,Norwich,Newcastle United,0,0,1.1116184062700554,0.9343731298672495,1.9628822409395261,1.7077054575924344,0.7083333333333334,1.25,1.0,1.0,1.9583333333333333,1.5,6.006597015522149,3.1918181191324155,8.865688599340183,8.761045729352517,12.447955886107318,21.74546203412092,9.225122300998349,6.851050673885064
246,25,Everton,Watford,3,2,1.697531655473115,1.2757932216137653,1.2933534208465316,1.7182473051671552,1.25,0.9583333333333334,1.1666666666666667,0.875,1.4583333333333333,1.5,5.833792575777414,6.284199107432272,5.420158641998354,7.28670307581942,9.30588706715466,14.298956153972778,11.645799668965665,11.110535394324046
247,25,Wolves,Man Utd,0,0,1.6592413825158037,1.6740730990222499,1.1378090322637195,1.0242091203016979,1.4166666666666667,1.4166666666666667,1.4583333333333333,1.5,1.3333333333333333,1.2083333333333333,4.482975657954338,6.749619243473441,5.373002051802141,5.0292189348980045,13.589991752919207,10.44152784819113,10.194401970188856,10.425402626549905
248,25,Arsenal,Burnley,0,0,1.5001536030105402,1.4379817556550116,1.716906956776585,1.3238021289393433,1.25,1.25,1.3333333333333333,1.1666666666666667,1.4166666666666667,1.5833333333333333,8.098255490575047,3.415475682942326,6.686543505891434,6.59613374106049,11.599191652046015,12.070382705418247,12.169777185643678,8.66102714456973
249,25,Man City,Tottenham,0,2,2.66637948294042,1.3978955630381362,1.0162344215681083,1.637636097459688,2.125,1.4166666666666667,2.7083333333333335,1.5833333333333333,1.125,1.3333333333333333,14.41444684061808,6.1173469867793475,3.6690220870315042,7.91826242796021,8.098300628130987,11.540183565333557,23.391547920589385,10.771520618097533
250,26,Crystal Palace,Everton,1,3,1.08318278750772,1.6616656431685832,1.4492070858041373,1.3067143287339078,1.2,1.32,0.88,1.24,1.16,1.48,6.788233342512035,5.863570882055178,7.299196622131365,5.542307164926868,13.356050029523235,9.352525890981612,7.87147362086379,11.740292514285867
251,26,Watford,Brighton,1,1,1.2895064993681409,1.2418507577754778,1.680419124596661,1.618046280694343,0.92,1.04,0.92,1.2,1.56,1.48,6.448975996179667,6.758637326875936,7.374653194120167,6.837567382307689,14.502762159894807,9.833203501848304,11.230171371028817,14.243373817933634
252,26,Bournemouth,Sheffield United,1,2,1.1980596412110935,1.2192004691023322,1.8860195707092895,1.4358639928674366,1.04,1.44,1.0,1.04,1.52,0.92,5.213368003984014,5.657766927675754,9.183738145278461,6.243506707888903,13.751362123208994,13.492435438516459,8.330121841559041,11.761170051479095
253,26,Leicester,Wolves,0,0,1.595735745269659,1.6637464356894882,1.2099632577594415,1.1359524565815549,1.96,1.4,2.16,1.4,1.04,1.28,7.934383041184255,4.5015516447987345,6.0583516575956455,5.310425207640685,8.820454977939727,13.766529897262256,12.487194731964413,10.31726358442689
254,26,Burnley,Southampton,2,1,1.4091375326426907,1.3915746098657906,1.3182147049728914,1.644054912955811,1.24,1.24,1.12,1.24,1.52,1.84,3.3945998144759804,5.586151831958475,6.688852803241222,6.769633578401091,12.108610659183185,8.291981633043454,8.756063828304363,10.945949801482598
255,26,Liverpool,Norwich,1,0,2.006583779455818,1.0656101350654146,0.9537577424988171,1.9995104281159377,2.92,0.72,2.4,0.96,0.6,1.88,11.26274164691051,5.899689766076511,3.8825081888244473,9.110891763602332,8.03016839790758,12.642525739182577,24.569071382908586,9.16173381174829
256,26,Tottenham,Aston Villa,3,2,1.435495661616526,1.1982978706316465,1.575568639669676,2.1417771306285145,1.48,1.0,1.6,1.28,1.28,1.88,6.121860332424708,5.220782246041714,7.415118675189449,10.273459346149801,11.17634447169254,11.553325050031908,10.916579103408978,7.764244625894894
257,26,Newcastle United,Arsenal,0,4,0.934260827169836,1.500982919802646,1.6810845136536816,1.694877246642276,1.24,1.24,0.96,1.28,1.44,1.36,3.2376572775605856,8.269016136015674,8.75185518048146,6.798482818636911,22.15874903543326,11.8324913042146,6.8453218536498746,12.218517901712163
258,26,Man Utd,Chelsea,2,0,1.6915014239873303,2.007205748703649,1.0057126603124729,1.0192680442001951,1.4,1.64,1.44,1.72,1.16,1.36,6.740677073597492,8.902133060433016,5.065976754001504,4.2276872543073125,10.564439557055099,9.5658646164846,10.476309863212402,14.512255388114971
259,26,West Ham,Man City,0,2,1.3820655334589254,2.6454862501882923,1.8248898926635757,1.037518043766969,0.96,2.04,1.2,2.6,1.72,1.16,7.015187072823237,14.179248513497297,8.349449741074144,3.585772875854058,14.161767301431496,8.137525650564237,9.885089331682323,23.47696034632472
260,27,Tottenham,Chelsea,1,2,1.3488976495314022,2.045312954014494,1.570655733943593,1.0313199743502022,1.5384615384615385,1.5769230769230769,1.6538461538461537,1.6538461538461537,1.3076923076923077,1.3846153846153846,6.019069630011304,8.827209241162766,7.394230056446215,4.307247513389717,11.289785345681558,9.62178835278762,10.985028357102154,14.566264509119076
261,27,Brighton,Sheffield United,1,1,1.260306171536073,1.1897194144274152,1.6695077530287405,1.4488652068984165,1.0384615384615385,1.5,1.1923076923076923,1.0769230769230769,1.4615384615384615,0.9230769230769231,6.749354147140395,5.502687175092745,6.985166127781061,6.180774804599221,9.94217286730401,13.652879561320617,14.214272810931082,11.824068981889063
262,27,Bournemouth,Burnley,0,3,1.2025678426829183,1.4290005531289482,1.8803534839489071,1.3422220013180026,1.0,1.3076923076923077,1.0,1.1538461538461537,1.5384615384615385,1.5,5.113845432697728,3.448238268878903,9.154585936181263,6.715347141827422,13.88533934189503,12.228172607613308,8.306197621614722,8.823604744777608
263,27,Aston Villa,Southampton,0,2,1.176846531907965,1.416487095932426,2.070174511071369,1.6708890527042328,0.9615384615384616,1.1923076923076923,1.3076923076923077,1.2307692307692308,1.9230769230769231,1.8461538461538463,5.104981506293452,5.571371540242706,10.326520152239375,6.939977634772559,11.659713593783238,8.338123834223577,7.754421485307181,11.015448008678405
264,27,Newcastle United,Crystal Palace,0,1,0.9259622852830445,1.091562010104171,1.6331743177127418,1.3975985121812196,1.1923076923076923,1.1538461538461537,0.9230769230769231,0.8846153846153846,1.5384615384615385,1.2307692307692308,3.210430751759178,6.74162693260865,8.492992865498653,7.503011876828726,22.271561500984447,13.600513492197205,6.911226205565941,7.86653029858932
265,27,Man City,Leicester,1,0,2.6666410939461374,1.636826889318492,1.0770150789239263,1.2124653061348045,2.076923076923077,1.9230769230769231,2.576923076923077,2.076923076923077,1.1153846153846154,1.0,14.228383868226352,8.124167004306727,3.6935134123479774,6.060595952118555,8.05992255267108,8.928934015552795,23.413500360754917,12.390548375501506
266,27,Norwich,Wolves,0,3,1.0918453325679307,1.6822763083926846,1.9966719830434738,1.1576876871737536,0.6923076923076923,1.3846153846153846,0.9230769230769231,1.3461538461538463,1.8461538461538463,1.2307692307692308,6.011216295540992,4.448035632112975,8.961310677587036,5.392940393627852,11.398007498381908,13.72247739359305,9.206415881430917,10.471451569584993
267,27,Watford,Man Utd,0,3,1.3255585886312886,1.7303355556791504,1.7132194504751133,1.0082322241706447,0.9230769230769231,1.4615384615384615,0.9230769230769231,1.4615384615384615,1.5384615384615385,1.1153846153846154,6.572153710328941,6.923010807197397,7.388033665338745,4.83774509069387,14.485003665605337,10.470764155403373,11.381248919994132,10.571552550259032
268,27,Everton,Arsenal,2,3,1.618228552521221,1.446640524081312,1.3236909183005965,1.7137435768794997,1.3846153846153846,1.3076923076923077,1.3076923076923077,1.3846153846153846,1.4615384615384615,1.3076923076923077,6.012169762134223,7.992909569444805,5.4477805174240554,6.898428633588229,9.404546117557828,12.076508850793694,11.922611457143017,11.976322112487598
269,27,West Ham,Liverpool,2,3,1.42822540251103,2.0040173863579653,1.8137156031158463,0.9756909249026177,0.9230769230769231,2.923076923076923,1.1538461538461537,2.3461538461538463,1.7307692307692308,0.5769230769230769,7.230015182566925,11.195924017945526,8.18335866039822,3.9164508114715417,13.774687562196906,8.031328720904026,9.880985379242407,23.783266436097378
270,28,Leicester,Norwich,0,1,1.6694539567941526,1.1179595944453569,1.1690715670681908,1.9518984824378836,1.8518518518518519,0.6666666666666666,2.0,0.8888888888888888,1.0,1.8888888888888888,8.307172968746253,6.047331163238885,5.848474378979932,9.174214630358003,8.42639594467968,11.483650623324118,12.618782246055131,9.17807359148202
271,28,Crystal Palace,Brighton,1,0,1.0678492247507485,1.267447463376647,1.4416379233305487,1.6698580299226242,1.2222222222222223,1.037037037037037,0.8888888888888888,1.1851851851851851,1.1851851851851851,1.4444444444444444,6.696685037344674,6.918973938109695,7.699548015286894,6.984636346630385,13.87196040263282,9.761536183993439,7.826049237824654,14.471925411321477
272,28,Burnley,Newcastle United,0,0,1.3693452157406962,0.9531575454717247,1.3274020727936455,1.6288048290596255,1.3703703703703705,1.1481481481481481,1.2222222222222223,0.8888888888888888,1.4444444444444444,1.5185185185185186,3.3928182070531494,3.253660421464863,6.776609539749831,8.510599753552178,12.307750200742355,22.74554584030532,8.745876342805378,6.9437699986218675
273,28,Southampton,West Ham,1,3,1.3588880636442986,1.4564393097435666,1.7136940188722414,1.7898450889414124,1.2592592592592593,0.8888888888888888,1.2592592592592593,1.1851851851851851,1.7777777777777777,1.7777777777777777,5.520349095251374,7.381087153372887,7.0449768360144365,7.975621469698157,8.385913971160132,13.088069260846796,11.230285437559779,10.126734857072492
274,28,Chelsea,Bournemouth,2,2,2.05471948808644,1.1827602656358795,1.0586571520055665,1.8368178940899393,1.6296296296296295,0.9629629629629629,1.6666666666666667,0.9629629629629629,1.3703703703703705,1.5925925925925926,8.963895285490008,5.117911341008361,4.425363496010778,9.302964005330594,9.715423651101464,13.988387175534136,14.69363109873047,8.245704679529533
275,28,Liverpool,Watford,0,3,1.9869433644421783,1.362365823939549,0.9877428865062826,1.6849701451349386,2.925925925925926,0.8888888888888888,2.3703703703703702,0.8888888888888888,0.6296296296296297,1.5925925925925926,11.095778447157866,6.699730628554974,3.949181197595525,7.366177724815128,8.211019032364884,14.680896653662671,23.454097380243713,11.466293524279637
276,28,Man Utd,Everton,1,1,1.7026975398105488,1.5811327865398361,1.0337063750338822,1.3232630939541892,1.5185185185185186,1.3333333333333333,1.5185185185185186,1.3333333333333333,1.0740740740740742,1.5185185185185186,6.884546907454446,6.191175825067589,4.903378843932937,5.463772678760629,10.523291446667777,9.383279907470609,10.627679427053998,11.884133294898124
277,28,Wolves,Tottenham,3,2,1.6262743908352801,1.3875768870146665,1.1861534617156733,1.5631102244415784,1.4444444444444444,1.4814814814814814,1.4074074074074074,1.6296296296296295,1.1851851851851851,1.3333333333333333,4.4997511904027245,6.1983221167974225,5.406973979114561,7.479738272747865,13.855423014792802,11.300134822313042,10.524003411355885,11.12735079842723
278,29,Bournemouth,Liverpool,1,2,1.167291429698798,2.055439993843801,1.8312066592472447,0.9213672282949859,0.9642857142857143,2.8214285714285716,1.0,2.2857142857142856,1.6071428571428572,0.7142857142857143,5.160907931047145,11.061000695125477,9.122308774766386,3.8703035513491995,13.872555913054681,8.103750533609688,8.370539474896052,23.086947279483855
279,29,Newcastle United,Southampton,1,0,0.9468509126052526,1.3777463353229251,1.6676968609465341,1.67241994267502,1.1428571428571428,1.2142857142857142,0.8571428571428571,1.25,1.4642857142857142,1.8214285714285714,3.186493514598127,5.463439445068735,8.799468974842647,7.123629791245761,23.389605295701678,8.554602970050908,6.903145767799632,11.123757954389001
280,29,Norwich,Sheffield United,0,1,1.1381997326932551,1.1729343935141086,1.9721326548393407,1.4627407500019314,0.75,1.4285714285714286,0.8928571428571429,1.0357142857142858,1.8214285714285714,0.8928571428571429,6.087613131055765,5.449211717060343,9.14245365460254,6.330088190477764,11.617637185759662,13.890482402796353,9.261845652692866,11.710642874099385
281,29,Brighton,Wolves,0,0,1.2474600581219026,1.5879576366366372,1.6505606464581097,1.1690520563970452,1.0,1.5,1.1428571428571428,1.4642857142857142,1.4285714285714286,1.2142857142857142,6.877396012652376,4.595895466956676,7.060968513808476,5.422626824465121,9.906210652608571,13.926785438438678,14.37469177329538,10.659542004100341
282,29,West Ham,Arsenal,0,1,1.4052708216567806,1.4506037570842159,1.8252786308237745,1.6800590617680533,0.9642857142857143,1.3214285714285714,1.25,1.3928571428571428,1.75,1.2857142857142858,7.4726674285026125,8.099799196924977,8.013145372378855,7.109086799073523,13.052995001648597,12.043527024036324,10.362378505421432,12.04690504507644
283,29,Watford,Crystal Palace,0,1,1.3103987402449162,1.025397656471931,1.7418524199478207,1.4283501511509544,0.9642857142857143,1.2857142857142858,0.9642857142857143,0.8928571428571429,1.5357142857142858,1.1428571428571428,6.726643345037859,6.761942154165624,7.187953791154172,7.687992169721006,13.97631575572662,13.751651187349466,11.484227890598085,7.896281900817909
284,29,Tottenham,Burnley,1,1,1.3782225365152305,1.398258031730723,1.522364079227793,1.3354894602087857,1.4285714285714286,1.3571428571428572,1.6428571428571428,1.1785714285714286,1.3928571428571428,1.3928571428571428,6.244411428981939,3.4848496765551937,7.690497437084321,6.844940675894055,11.465524623171238,12.473432900770906,11.09378736759751,8.851486971374817
285,29,Everton,Chelsea,0,4,1.5491536629452143,2.0574890837820723,1.3308651360293504,1.0384151193903959,1.3214285714285714,1.6071428571428572,1.3214285714285714,1.6785714285714286,1.5,1.3928571428571428,6.23699027987788,8.770198950316548,5.404687012559114,4.441723630472731,9.436482980834862,9.896786099220751,11.99506149854805,14.604924602527797
286,29,Man City,Man Utd,0,2,2.675182204444214,1.7248932144186468,1.0896488674569236,0.9806723894582622,2.0357142857142856,1.5,2.4285714285714284,1.5,1.0357142857142858,1.0714285714285714,14.307969006377293,6.880106403895002,3.718281748503262,4.899662645622666,8.133491215266478,10.581879579231924,23.42826823078188,10.72874402040223
287,29,Aston Villa,Leicester,0,4,1.2020071223332496,1.6788248782093125,2.035921457895346,1.1912775504169673,0.8928571428571429,1.7857142857142858,1.2142857142857142,1.9285714285714286,1.8571428571428572,1.0,5.144445131518218,8.242064236774954,10.445324443390783,5.881108008940698,11.897560507846926,8.48125732716736,7.781365109782437,12.796427717057252
