,teamA,teamB,A_scored,B_scored,A_xG,B_xG,A_xGA,B_xGA,A_deep,B_deep,A_deep_allowed,B_deep_allowed,A_ppda,B_ppda,A_ppda_allowed,B_ppda_allowed
20,Everton,Aston Villa,0,2,1.37255,0.579733,1.4288230000000002,1.33531,8.0,5.5,5.5,12.5,5.0,11.0,16.5,7.0
21,Chelsea,Norwich,3,2,2.100035,1.1232199999999999,1.062765,2.050425,8.0,5.0,5.0,12.0,13.5,9.0,15.0,10.0
22,Southampton,Brighton,2,0,1.423783,0.929373,1.4506355,2.193065,6.0,6.5,9.5,11.0,8.0,15.0,11.0,10.5
23,Crystal Palace,Man Utd,2,1,1.0454665,2.069585,1.269575,0.7233045,7.5,10.0,6.0,4.0,12.0,9.5,7.5,10.5
24,West Ham,Watford,3,1,2.8321250000000004,1.7001399999999998,1.7304399999999998,2.249495,11.0,13.0,12.5,6.0,9.5,10.5,8.5,15.5
25,Leicester,Sheffield United,2,1,1.4712695,0.8504039999999999,0.604522,1.5053345,9.5,4.5,5.5,6.5,7.0,15.5,10.5,11.0
26,Arsenal,Liverpool,1,3,1.455316,1.99439,2.3716749999999998,0.801466,9.5,10.0,7.5,3.5,17.0,7.5,10.5,22.0
27,Man City,Bournemouth,3,1,2.71837,1.224088,1.3772425,2.68311,16.5,5.0,5.0,13.5,8.0,16.0,21.5,5.5
28,Burnley,Wolves,1,1,0.9225050000000001,1.664825,1.26425,1.3580200000000002,2.0,4.5,7.5,4.0,15.0,15.5,8.5,9.5
29,Newcastle United,Tottenham,1,0,0.777795,1.607205,1.183035,1.2196850000000001,3.5,7.0,7.0,8.5,25.5,8.0,8.0,19.0
30,Man Utd,Southampton,1,1,1.58789875,1.48754975,0.616455375,1.6330663749999998,8.0,6.25,4.5,8.125,12.125,7.5,8.625,13.25
31,Watford,Newcastle United,1,1,1.495937,0.802062,2.7318637499999996,1.6096412500000001,8.0,3.375,7.0,9.5,16.625,26.875,16.625,8.0
32,Bournemouth,Leicester,1,3,1.122991,1.363897625,2.1518474999999997,0.899197,4.25,7.625,9.625,6.375,13.75,6.75,5.125,8.625
33,Brighton,Man City,0,4,1.1729444999999998,3.5003499999999996,1.48524225,1.081073875,8.125,14.875,8.75,4.75,11.25,9.25,13.875,23.875
34,Sheffield United,Chelsea,2,2,1.07131125,2.17675625,1.662031125,1.15821875,4.875,5.75,6.625,5.0,15.125,11.375,10.5,13.75
35,Norwich,West Ham,0,2,1.208337,1.5219335000000003,2.2486187500000003,1.39528,6.25,9.0,11.25,6.625,12.25,10.125,8.75,10.625
36,Aston Villa,Crystal Palace,0,1,1.00093825,1.005376625,1.45415475,1.09456875,5.625,7.875,11.625,6.0,10.0,12.75,8.75,8.625
37,Liverpool,Burnley,3,0,1.78945,1.06866725,0.73578475,1.2379245,11.25,3.25,3.125,10.125,6.625,13.5,22.5,7.875
38,Wolves,Everton,2,3,1.7289637500000001,1.4069475,1.72480175,1.3384935000000002,4.875,7.5,5.0,3.875,15.125,5.0,8.625,15.375
39,Tottenham,Arsenal,2,2,1.48728375,1.729664,1.2524045,2.21859125,7.5,10.125,8.125,8.375,7.75,13.25,13.0,10.625
40,Newcastle United,Liverpool,1,3,0.6122383333333333,2.2443566666666666,1.6224983750000002,0.7216607416666667,2.8125,11.375,9.916666666666666,3.4375,29.729166666666668,7.520833333333334,6.5,21.583333333333336
41,Crystal Palace,Tottenham,0,4,1.2476855208333335,1.191643791666667,1.1862004583333334,1.34994375,7.395833333333333,7.083333333333333,7.0,8.104166666666666,14.458333333333332,12.125,9.520833333333332,12.0
42,Leicester,Man Utd,0,1,1.0840698041666665,1.3564396250000001,1.2906771666666665,0.7778244791666666,7.520833333333334,6.166666666666666,6.3125,4.083333333333333,6.958333333333334,9.770833333333334,12.520833333333332,12.520833333333332
43,Chelsea,Wolves,5,2,2.499071875,1.499163125,1.1052177916666666,1.636763125,7.291666666666666,4.229166666666666,4.166666666666667,7.333333333333334,11.3125,16.104166666666664,11.791666666666666,8.854166666666666
44,Burnley,Brighton,1,1,1.1590080416666668,1.3700200833333334,1.2017580833333334,1.6434942083333333,4.041666666666667,7.604166666666666,7.770833333333333,6.791666666666666,13.25,9.208333333333332,7.729166666666666,14.5625
45,Southampton,Sheffield United,1,0,1.5168554583333331,0.9723350416666667,1.6006436458333333,1.5697226041666665,6.375,4.229166666666667,7.4375,7.020833333333333,7.75,14.270833333333334,15.875,11.416666666666668
46,Man City,Norwich,2,3,3.320101666666667,1.239132333333333,1.3485207291666665,2.419960625,14.0625,8.208333333333332,3.9583333333333335,10.708333333333332,8.041666666666668,11.375,24.895833333333332,9.458333333333334
47,Everton,Bournemouth,1,3,1.5353479166666668,1.343961,1.3929765833333334,1.8430212499999998,7.25,4.875,5.5625,10.854166666666666,9.833333333333334,13.291666666666668,14.145833333333334,6.604166666666666
48,Arsenal,Watford,2,2,1.6113849999999998,1.4803691666666667,1.8258805416666666,2.3558937916666665,9.270833333333334,7.666666666666666,7.979166666666666,7.166666666666667,12.875,16.854166666666668,9.354166666666666,15.354166666666668
49,West Ham,Aston Villa,0,0,1.322387916666667,1.548947875,1.6994616666666669,1.562400625,9.5,5.854166666666667,7.1875,10.020833333333334,11.770833333333334,9.166666666666666,12.6875,8.291666666666666
50,Bournemouth,Southampton,3,1,1.195923375,1.3594602760416667,1.5590643437499998,1.8240150651041667,5.140625,5.453125,9.622395833333332,7.0078125,12.755208333333334,8.90625,8.153645833333332,14.515625
51,Tottenham,Leicester,1,2,1.1918891927083335,1.5423634536458333,1.48845553125,1.2734467708333335,6.947916666666666,7.955729166666667,8.341145833333332,5.5234375,14.734375,6.838541666666667,11.25,13.830729166666666
52,Norwich,Burnley,0,2,1.0284874166666667,1.4752540364583335,2.472904796875,1.0680346979166666,7.807291666666666,4.411458333333334,9.244791666666666,6.674479166666666,10.078125,13.84375,10.026041666666668,8.513020833333332
53,Sheffield United,Everton,2,0,0.8729296614583333,1.5651869270833334,1.5875141536458333,1.2434147604166665,4.325520833333334,7.46875,7.393229166666666,5.3671875,14.236979166666668,9.979166666666668,10.364583333333334,13.127604166666668
54,Watford,Man City,0,8,1.1315310208333333,3.513428958333333,2.1595299427083328,1.1619192630208333,6.083333333333333,15.4296875,7.020833333333334,3.713541666666667,17.497395833333336,7.911458333333334,12.809895833333334,25.033854166666664
55,Brighton,Newcastle United,0,0,1.2974150729166667,0.5993476666666666,1.8971194322916665,1.5822385781250001,6.778645833333333,2.4609375,7.192708333333333,8.552083333333332,9.807291666666666,28.513020833333336,14.4921875,6.5625
56,Wolves,Crystal Palace,1,1,1.477574609375,1.3190324557291668,1.296175734375,1.6018929010416667,4.200520833333333,6.596354166666666,6.666666666666667,8.75,15.341145833333332,16.026041666666664,13.122395833333332,9.205729166666666
57,Man Utd,West Ham,0,2,1.712383671875,1.4399323020833334,0.8637687942708333,1.7357702083333333,5.770833333333333,8.6875,4.697916666666666,8.0390625,12.424479166666668,11.549479166666668,12.080729166666666,12.3515625
58,Aston Villa,Arsenal,2,3,1.673085015625,1.59542625,1.864175671875,1.5779644739583332,5.872395833333334,9.236979166666668,11.143229166666668,6.356770833333333,12.020833333333332,10.140625,8.130208333333332,11.809895833333332
59,Liverpool,Chelsea,2,1,1.999789583333333,2.214314265625,0.8629805239583335,1.0843695677083334,10.078125,7.880208333333333,3.1328125,4.145833333333334,7.080729166666667,10.7734375,21.635416666666668,13.442708333333332
60,Liverpool,Sheffield United,1,0,2.068821625,1.0855718953125,0.8756269715625,1.5254230382812501,10.7703125,4.89296875,3.41953125,6.453906249999999,8.072656250000001,14.313281250000001,21.571875000000002,10.528125000000001
61,West Ham,Bournemouth,2,2,1.4455881718750003,1.3255500375000002,1.8691391875000003,1.4823098093749998,9.618749999999999,5.7265625,7.73515625,8.960156249999999,9.89453125,11.279687500000001,11.71640625,9.538281249999999
62,Southampton,Tottenham,1,2,1.1691102484375,1.1143445734375002,2.0568555585937496,1.418734278125,4.6078125,5.8531249999999995,9.807031250000001,8.20703125,10.215625,14.6609375,12.2640625,11.325
63,Burnley,Aston Villa,2,2,1.4016579328125,1.4557145140625,1.186908528125,1.8732641046875003,4.0703125,4.68515625,6.20703125,11.228906250000001,13.059375,12.318749999999998,8.46171875,7.417187499999999
64,Norwich,Crystal Palace,0,2,0.9531080749999999,1.1808913101562502,2.3878153171875,1.6931513109375,7.726562499999999,6.13671875,9.4203125,8.975,9.8703125,16.123437499999998,10.0234375,8.38515625
65,Brighton,Chelsea,0,2,1.4249975656249998,2.4167778390625,2.0084076890624996,1.0683184109375,7.2007812499999995,8.4921875,7.473437499999999,4.1312500000000005,9.326562499999998,10.39609375,13.44296875,14.698437499999997
66,Watford,Wolves,0,2,1.26736311875,1.5151661484374999,1.5609449484374998,1.2179549609375,6.2749999999999995,4.680468749999999,6.91875,6.300000000000001,15.747656250000002,14.307031249999998,12.228906250000001,12.51015625
67,Man City,Everton,3,1,2.9832730625,1.6070422343750002,1.23383443671875,1.166839584375,16.58671875,7.221875000000001,4.042187500000001,4.83046875,7.520312500000001,10.181250000000002,22.73046875,12.414843750000003
68,Newcastle United,Leicester,0,5,0.8558579000000002,1.49454680828125,1.6481497203125,1.1527919937500002,2.81484375,8.360156250000001,9.796875,5.57109375,26.66171875,6.554687500000001,6.40625,15.34765625
69,Arsenal,Man Utd,1,1,1.381360525,1.8427312046875,1.5367070265625,1.02629791484375,9.01328125,5.9937499999999995,6.92109375,4.328125,11.3265625,11.38203125,11.42890625,10.772656249999999
70,Tottenham,Brighton,0,3,1.3505341923177085,1.3925847684895833,1.3445380049479168,1.892128714973958,5.782031249999999,7.5173828125,7.856445312499999,7.767317708333334,12.272526041666667,10.132682291666667,11.547916666666666,14.572721354166667
71,Sheffield United,Watford,0,0,1.1503567373697916,1.1901027755208333,1.4511444517578125,1.7197228694010416,5.3185546875,5.752083333333333,5.832747395833333,6.758854166666667,12.537174479166666,15.102018229166667,9.984114583333334,10.876497395833333
72,Leicester,Liverpool,1,2,1.6973570742578123,1.98312315625,1.2217619942708335,0.8626948072656251,8.080143229166667,10.789453125000001,5.773502604166667,3.967903645833333,8.258463541666668,8.483268229166667,13.9853515625,20.774218750000003
73,Aston Villa,Norwich,5,1,1.5911753045572918,1.0325954854166666,1.7902162626302083,2.2696051240885415,5.461393229166667,6.749348958333332,11.459830729166669,9.801953124999999,12.375520833333333,10.964453125,7.9657552083333325,9.188151041666668
74,Everton,Burnley,0,1,1.44845646484375,1.5218964384114582,1.14825045234375,1.1650703174479167,7.453385416666666,4.147786458333334,4.4279296875,6.356445312499999,8.582812500000001,12.804427083333334,11.713606770833334,8.256575520833332
75,Crystal Palace,West Ham,2,1,1.095385534309896,1.3656499075520836,1.783862118359375,1.9316350885416667,5.875325520833333,8.150520833333333,8.727083333333333,7.1738932291666675,16.11315104166667,9.819986979166668,8.436393229166667,11.4900390625
76,Wolves,Man City,2,0,1.5044931360677083,2.782304473958333,1.2211752975260417,1.0201970669921874,4.7904296875,16.287825520833334,5.858333333333333,3.8720052083333334,12.948111979166665,7.810286458333334,12.300976562499999,22.83626302083333
77,Chelsea,Southampton,4,1,2.156037519140625,1.3556560610677084,1.1242949600260417,1.9622971787109371,8.034505208333332,5.057161458333333,5.203645833333334,9.073111979166667,10.779752604166667,10.114322916666666,14.72356770833333,10.325390625
78,Bournemouth,Arsenal,0,1,1.1783966177083334,1.4217313145833335,1.6015281585937502,1.5986661076822917,5.332682291666666,8.762174479166667,8.130143229166666,6.927669270833333,11.256380208333333,10.632682291666665,9.410091145833334,12.6431640625
79,Man Utd,Newcastle United,0,1,1.8596027709635417,0.8555329083333334,1.0368789219401042,1.7873047436197917,6.660937499999999,2.9136067708333337,3.884114583333333,10.063802083333332,11.183528645833334,26.10657552083333,10.874934895833333,6.372395833333334
80,West Ham,Everton,0,2,1.2529644855840774,1.5232967173549108,1.9040882965029762,1.288546705747768,7.639769345238095,7.4210007440476184,7.0186151413690485,5.611648995535715,9.61855933779762,8.68404017857143,11.52646484375,10.448349144345238
81,Burnley,Leicester,1,2,1.4856242642392115,2.0205458046679685,1.3425781519159226,0.9696699232514882,3.708658854166667,9.07441871279762,6.759556361607142,5.646823846726191,13.104110863095238,7.811430431547619,8.738248697916667,13.986397879464285
82,Norwich,Bournemouth,0,0,0.9327009507440476,1.0808997164434524,2.0387011152250745,1.6433570758370535,6.0529668898809526,5.308919270833333,9.24467075892857,8.62084728422619,11.538420758928572,13.166638764880952,9.388997395833334,10.30937034970238
83,Brighton,Aston Villa,1,2,1.28496521359747,1.3649484970889136,1.9254733067615324,1.9596208152994792,6.837569754464286,5.428436569940477,8.141080729166667,11.926985677083334,9.766062127976191,12.420126488095239,15.031812686011904,7.682486979166667
84,Newcastle United,Chelsea,0,1,0.8649926291666667,2.079372696344866,1.8035755476469493,1.1603696057384671,3.0626348586309526,8.960611979166666,10.344959077380953,4.974813988095238,27.45610584077381,9.938341703869048,6.27436755952381,14.457598586309523
85,Southampton,Wolves,1,1,1.4462827709914434,1.5760436263485864,1.811356451660156,1.1221454905598958,5.410221354166667,5.519684709821429,8.139318266369047,5.225595238095238,9.60615699404762,12.951818266369047,10.659291294642856,12.13662109375
86,Watford,Tottenham,1,1,1.1285149344122023,1.4298282500093007,1.75005495015811,1.2458645760230656,5.984077380952382,5.440457589285714,6.704650297619048,6.5809849330357135,14.309016927083333,11.681631324404762,10.813890438988096,11.437351190476189
87,Man City,Crystal Palace,2,0,2.7987691543898805,0.9118800675734748,1.0139078479213168,1.7048968956194197,16.767266555059525,5.5270879836309526,4.309719122023809,8.818005952380952,7.966694568452381,15.60506882440476,23.06224423363095,7.9052222842261894
88,Liverpool,Man Utd,1,1,1.9635972165178572,1.8797365730375741,0.9311399853180804,1.1030374989443825,11.23306361607143,6.470870535714285,3.970196242559523,5.320963541666666,8.663034784226191,11.884705171130953,22.36177455357143,8.883868117559524
89,Arsenal,Sheffield United,0,1,1.4284717206845237,1.1718258989862351,1.5824999571335565,1.3243769909179688,8.350590587797619,5.652943638392857,6.504264322916667,5.987551153273809,11.944633556547618,12.498804873511904,12.454366629464285,13.056677827380952
90,Leicester,Southampton,9,0,1.9723235668762205,1.4848509728044783,1.0940518030482702,1.7566966109313964,8.444767543247767,5.50958251953125,6.606397356305804,8.318110874720983,9.323216029575892,9.443272181919642,13.362248011997767,10.430585588727677
91,Aston Villa,Man City,0,3,1.2125588410208565,2.702963582240513,2.0371820143432617,0.9929527324262346,5.089159284319196,15.844312395368304,11.681549072265625,3.790361676897321,11.956368582589285,8.093776157924108,7.88983154296875,23.620853969029017
92,Everton,Brighton,2,3,1.3362182975202288,1.3040349502476283,1.3271360366385325,1.7537105375889368,6.894688197544642,7.035221644810267,5.385920933314733,7.56976318359375,9.266287667410715,9.405683244977677,10.17032732282366,15.592324393136161
93,Sheffield United,West Ham,1,1,1.2643122802995954,1.2512937052350726,1.2698044289855956,1.8598411529715402,5.799634660993304,7.9122837611607135,5.738329206194196,6.829951695033482,12.71762956891741,9.57989937918527,13.053135463169642,11.368560791015625
94,Bournemouth,Watford,0,0,1.0552652341657367,1.1678401885114398,1.650811946097238,1.7785529532732283,5.10211181640625,6.422572544642858,8.144544328962054,6.785609654017858,12.968723842075892,13.852203369140625,9.727534702845983,10.32552228655134
95,Chelsea,Burnley,4,2,2.025302527823312,1.3793132477242607,1.168306192879813,1.2834602674211775,8.52557373046875,3.4143676757812504,5.226388113839286,6.462084089006696,9.942195347377233,12.285103934151786,13.928998674665179,8.692108154296875
96,Wolves,Newcastle United,1,1,1.5702542747017998,0.9112147148437502,1.1068623348999025,1.698396325919015,5.612204415457589,3.308720179966518,5.461495535714286,9.948399135044642,12.204829624720983,25.677599225725444,12.003082275390625,6.569719587053571
97,Man Utd,Norwich,3,1,1.9011472872227257,1.0010675788225445,1.0864444677603586,2.038838295523507,6.753941127232142,6.049656459263392,5.1759033203125,8.666878836495535,10.016911097935267,11.692269461495536,9.203626360212054,9.05218505859375
98,Tottenham,Liverpool,1,2,1.3638549218837195,2.109894265485491,1.253345415021624,0.8942432362357003,5.537928989955358,11.093497140066965,7.044673374720982,4.284558977399554,11.764029366629465,8.809095110212054,10.597516741071429,21.339163643973215
99,Crystal Palace,Arsenal,2,2,0.9082227508501326,1.352548050641741,1.5468957146432059,1.5639893973127093,6.056644984654017,7.453678676060267,8.016880580357142,6.597747802734375,15.192252022879465,12.510593959263392,8.098645891462054,12.175968715122767
100,Man Utd,Bournemouth,0,1,1.7727213268214634,1.0608521656009735,1.0563332195514499,1.6595722268696136,6.878722175719245,5.429772271050346,4.94390869140625,8.747625199575273,9.682638259161086,13.970461406405011,11.192313784644718,9.353782774910094
101,Newcastle United,West Ham,3,2,0.9761020084635417,1.2254261660553465,1.7645737522568474,1.8510138111397878,3.513791281079489,7.861601329985119,9.729043627542161,6.950509934198289,25.139954824296254,10.214349413674977,6.426957387772817,11.292529635959202
102,Burnley,Sheffield United,0,3,1.2314055117395797,1.3116593758385067,1.3561740858977789,1.162814238486396,3.0024583604600696,5.532988290938119,6.380857195172991,5.752866472516741,12.213709271143353,13.844427926199776,8.375879923502605,13.43907238188244
103,Norwich,Brighton,0,2,0.9913250466657366,1.2869241196783157,1.8124452791055348,1.6829458410562181,5.769119989304315,7.144375997876365,8.685385567801339,7.426998562282986,11.542698935856894,9.438700842478918,9.160396999782986,15.61497303796193
104,Southampton,Man City,1,2,1.5136568632042293,2.52039227211604,1.4711773547685412,1.0848645250692217,5.481272379557291,14.5196283734034,8.022660270569817,3.7464526948474703,8.918645949590774,8.755233038039435,11.017775278242807,23.475250970749627
105,Wolves,Arsenal,1,1,1.5288659261072552,1.3146128256060887,1.1791797607387966,1.5477883196842255,5.355970836821056,7.706252082945808,5.824745783730158,7.12009514702691,12.915672423347594,12.593338739304315,10.55846659342448,11.666192675393726
106,Liverpool,Aston Villa,2,1,2.0509206951807415,1.1610303498530312,0.8511282786670502,2.008069124657525,11.699413965618799,5.195317101857018,4.213194589766244,10.643685234917536,9.041923159644718,11.347681439112103,21.15365455264137,7.951507568359375
107,Chelsea,Watford,2,1,1.9888030540553503,1.2793406224830264,1.077377793275379,1.7773156225358266,8.718597412109375,6.565762958829366,4.9915887741815474,6.908631339905755,9.445406716967387,13.915969848632812,13.766276526072668,10.862993270631819
108,Leicester,Crystal Palace,2,0,1.7718624798275415,0.8855918758029031,1.2607433695455885,1.5018219527185832,8.086724901956224,6.442386929951017,6.906041947622148,7.793720548115079,10.138592916821677,14.459349132719494,12.731012011331224,8.03761000860305
109,Tottenham,Everton,1,1,1.3712468706679575,1.442747280991327,1.1375824475204228,1.3114380346030585,6.008044046068949,6.567205519903274,6.264413742792039,5.253369770352803,10.38824995737227,8.862605019221231,10.675432477678573,10.660864693777903
110,Watford,Norwich,2,0,1.3100935913588754,1.0160310443324496,1.6569416914090351,1.8107510151502582,6.6374748108878965,5.7806639898391,6.7631997729104665,8.701116289411273,13.770171356201171,11.515563989064049,10.819843607100228,9.052377149793838
111,Crystal Palace,Chelsea,0,2,0.9000078820127579,2.002771401352583,1.532861505082654,1.0641482536116098,6.470267583453467,8.732667541503908,7.904034520709326,4.99200933547247,13.686381676083517,9.273136381119016,8.135729508172897,14.077962699769035
112,Everton,Southampton,2,1,1.4565575169417606,1.5891760700440178,1.4002369828729058,1.3224581870301138,6.43884524390811,5.457208760579427,5.690701281835162,6.3715272570413255,9.369474768260169,8.272713652111236,10.977821459089007,11.216886514330668
113,West Ham,Burnley,0,3,1.2168128577525792,1.2870839361526003,1.8609876205827987,1.39039788160289,6.868521263485862,3.2023354424370662,6.752984437488374,6.511814335414341,10.453631942991226,12.953023807586186,10.877903154161242,8.857085927327475
114,Bournemouth,Newcastle United,1,2,0.9664363573209247,0.8789315580403645,1.775863165526133,1.8237700646440054,5.45828365749783,3.2881017170255147,8.86024393959651,9.292591446165055,14.271938336084759,25.93295708308144,10.13609363616459,6.255609518384176
115,Sheffield United,Tottenham,1,1,1.2499947570465815,1.3997068771345593,1.266406376562076,1.1858153251444017,5.506338876391213,6.0576418437655,6.265223148890904,6.801193055652437,14.352206529889788,11.11883745950366,13.567118762788319,10.491660853794642
116,Arsenal,Leicester,0,2,1.3649416843257842,1.7950377058361644,1.446555153700014,1.3348671010683093,7.670939478798518,8.332388656858413,6.964090389675565,6.56073985024104,12.163671802339099,10.081663270980593,11.482883041624039,13.544461410764665
117,Brighton,Man Utd,1,3,1.2449809136944,1.8445349604803902,1.7560594490034074,1.0192584085738772,6.837157197982545,7.434786066933283,7.655648634168838,5.1467132568359375,10.116765800354973,9.598506346203031,14.884224386063835,11.632698095412483
118,Aston Villa,Wolves,1,2,1.2095925823603797,1.5409361298018927,2.093028168424649,1.1316960227018569,5.135551246764168,5.238172294980004,10.761500973171659,5.53350849454365,12.780297367156498,12.319888802180213,8.053932189941406,11.130543263753257
119,Man City,Liverpool,1,3,2.503750658510238,2.0607996604217047,1.0846564488157604,0.8959424647336977,13.693646954733229,11.21444326733786,3.609130060105097,4.452534860277932,9.017471386137462,9.639827001662482,24.251488422212145,21.795971825009303
120,Tottenham,West Ham,3,2,1.4487833827193521,1.2327122733092801,1.2634154012742016,1.9171463651017624,6.509567214503433,6.510861206054687,7.128411553122779,7.536939690329811,10.931617574980766,12.160285036491626,10.560221724076705,10.519816647153913
121,Liverpool,Crystal Palace,2,1,2.1159410394934457,0.894635569193996,0.892299670882166,1.4774909821243516,11.477423118822504,6.539800875114672,4.15923782117439,8.453851133404356,9.110743956132367,14.109727963534269,22.66888219659979,7.811378166892311
122,Burnley,Watford,3,0,1.2199593936002096,1.379752064478926,1.476101114257304,1.6822316145268064,3.102229285962654,6.65395322857481,7.124913683804598,6.8194179650509,12.955159089059542,13.280618112737482,9.090854748812589,10.600759806777491
123,Norwich,Everton,2,0,1.0863996332264292,1.47755217526259,1.7930326962797918,1.4053630291059556,5.790633808482777,6.282534096457741,8.669247367165305,5.568396678115382,11.719401989561138,9.534498642430162,8.959087279348662,11.160647756403144
124,Leicester,Brighton,2,0,1.8896550828436118,1.2855885994355636,1.351921369201568,1.643993564957798,8.771825536092123,6.935468234437884,6.035251675230084,7.353119150797525,9.896133122299656,10.02054917306611,13.246985892093543,14.662214186697295
125,Southampton,Arsenal,2,2,1.5703632032238355,1.3408787895837033,1.2970264058014724,1.5262576467136497,5.618244726007635,7.231351320671312,6.4455487453576294,7.011177190144856,7.896681213378907,12.201686720414596,11.434300763679275,11.324570176095673
126,Wolves,Bournemouth,2,1,1.5587440329927156,0.9479687047154282,1.1668002489426814,1.758875294365854,5.045528099753639,5.2101798548842915,5.463803562973484,8.684778305978487,13.168984765717477,14.395941138989997,11.079154933582654,9.53899847088438
127,Chelsea,Man City,1,2,2.00952951947292,2.5656301740325,1.0603950148110823,1.0367065647786804,9.290273562344638,14.207572093154445,4.856008911132812,3.535987784645774,9.07890290924997,8.607586323131216,14.847146213415897,24.603693493929775
128,Man Utd,Sheffield United,3,3,1.7234883713676454,1.240264995362646,1.045184571820519,1.3266342685365273,7.415023063890862,5.301505291100704,5.503680836070668,6.571349369395863,9.79857423955744,14.608924414894798,11.967575454711914,13.314067909934304
129,Newcastle United,Aston Villa,0,2,0.7995855326748935,1.2280026922530898,1.8402168798874592,2.0439077971326194,3.1386425480698095,5.356662553729433,9.142928198612097,10.272341838027494,25.66327721566865,12.65392021410393,6.334899994821259,8.142389817671342
130,Man City,Newcastle United,2,2,2.631778916781146,0.8248558438134397,0.9805691329129023,1.8770378432254817,14.448923255939675,3.1328657752335674,3.4303216269522006,9.220306190336593,8.290603559667414,25.135640665015785,24.745206265016037,6.279279161703706
131,Brighton,Liverpool,1,2,1.315734657792415,2.200689329514552,1.495436249751223,0.8583177262620758,6.9798237246696395,11.4158638222049,7.005072519514296,4.069269578625457,9.478026290855022,8.89779629129352,14.259621928918243,23.22434543840813
132,Crystal Palace,Burnley,2,0,0.8912060038109129,1.1889406272002008,1.4996319828691704,1.4675923594965832,6.517309171984893,3.1396363990475433,7.893274002845842,7.036375613646074,13.39682263172034,12.790360793682058,7.819237409938465,9.045402467612064
133,West Ham,Chelsea,1,0,1.2120109369213936,1.9644126644948816,1.9190465165558557,1.0622708058606203,6.239575322469076,9.444845497246945,8.014567203232737,4.362008539835612,12.94527315997114,8.867281954697887,10.373157620189167,14.395181787856902
134,Bournemouth,Tottenham,2,3,1.0311533836856186,1.474822533439379,1.77632715710061,1.3900677178877765,5.534755694264113,6.738335247232458,8.73957920989605,7.789727738409331,14.046110258198748,11.3094668426899,9.266540201264199,10.328545818906841
135,Watford,Southampton,1,2,1.334633728458971,1.4552315280895087,1.645512797254856,1.3681490138930776,6.376705177384194,5.509151195757317,6.951942216507112,6.4686508809677274,13.518925691373418,8.067652829488118,10.325728148161762,11.332871565192637
136,Arsenal,Norwich,2,2,1.4056167566843825,1.0817519401753282,1.4963769114339143,1.8099025839348004,7.638378348976675,5.882690733129328,6.635711473888821,8.308028726866752,11.90161644039732,13.064426906662758,11.811046418758353,9.1691253093758
137,Sheffield United,Wolves,1,1,1.2446362455558688,1.5525680316180188,1.3009929656808388,1.1541692802367365,5.538942570638175,4.960297762263904,6.630876479004368,5.52781174784959,14.375219230940848,13.07861040047925,13.300981747020376,10.575856811350043
138,Aston Villa,Man Utd,2,2,1.1945100800758777,1.67406152256066,2.203943305585427,1.0400545479946643,5.17513494732404,7.231063769562075,10.427660928109681,5.77436080123439,12.501673538516268,9.890300312909213,7.844790241935035,11.760593144098918
139,Everton,Leicester,1,2,1.6109923762933152,1.7558259543917947,1.3458096112265405,1.3442246038181693,5.687428509105336,8.364666138754952,5.586380149860576,6.03378285542883,9.595561198995572,8.900460908870505,11.028954099886345,13.23669481325631
140,Bournemouth,Crystal Palace,0,1,1.080441330466941,0.9719433882797239,1.7907057279813556,1.4458274835280485,5.43726509063857,6.535874203831629,8.788056932592355,7.781994233505618,14.275106017498796,13.496944838192634,9.179365578138654,7.787728278786986
141,Man City,Burnley,4,1,2.628458892612258,1.21498375692327,1.0004329971190957,1.485668730285176,14.486669880335457,3.0573426913918684,3.459951401016188,6.919591936198147,8.35451733400957,12.683039224694287,24.195534599762883,9.082117757319292
142,Tottenham,Man Utd,1,2,1.3782823975378644,1.6782041563083272,1.4664093441228618,1.0543038346102542,6.363783891569669,7.029869009194304,7.528584363855126,5.744577693494605,11.259102733355672,9.971442608566552,10.354370979718116,11.500570330864344
143,Watford,Leicester,0,2,1.3796270850567027,1.6846633792228793,1.6108058050527463,1.3605754267482397,6.285293439792494,8.196794364187452,7.146098285102992,6.4170988994507985,14.075890087859058,9.519673950837024,10.428584757847847,12.573745012746453
144,Aston Villa,Chelsea,1,2,1.1619176568942975,1.928581023552771,2.2553849812256574,1.0495099671736734,5.235769946600659,9.581582208891293,10.185548175532903,4.271162057534243,12.22246540500916,8.564694187209508,7.887571509975561,14.495367103708558
145,Norwich,Southampton,1,2,1.0455986347839694,1.4735200462399125,1.8446974845526927,1.4214957825894978,5.964125704932046,5.528029995920497,8.103873775833414,6.373702770161277,12.29271817948342,7.911204643738576,9.201082028245963,11.089299581915995
146,West Ham,Wolves,0,2,1.254038054732109,1.6697238765557874,1.8690375351498614,1.1297195386891699,6.191899348527956,4.807978617561447,8.283237695416092,5.392126680624605,13.831993423049175,13.152510000460817,9.820343865566507,10.515246933990424
147,Everton,Liverpool,2,5,1.6959403618204956,2.166809009148608,1.302424626179366,0.9208495444827651,5.660988951062823,11.553715213658556,5.486903990250553,4.1435284409860165,9.226501152880356,8.555573357013,11.25860971142918,24.2926398446232
148,Newcastle United,Sheffield United,2,0,0.8344141959744611,1.2460602102515732,1.8021226184860404,1.2936384045060376,3.2046786300322765,5.442457573142015,8.750294413785188,6.592142144544551,23.28426987020749,14.458044802108446,6.422383809330487,13.529052749986402
149,Brighton,Arsenal,2,1,1.3412782863388604,1.3795101079872096,1.5326490862992532,1.5700036475021504,6.980599735259268,7.42935105029458,6.77410819184067,6.641723617851904,9.344256048899059,12.146462873136155,14.09579031626754,11.270337482801345
150,Chelsea,Everton,1,3,1.9259507795673483,1.649555161632036,1.0395336270071933,1.2821369049538625,9.398340582144963,5.569968371383131,4.347863133224376,5.454421352395462,8.789193454088732,9.562482047164547,14.678383267007852,11.365272852260535
151,Crystal Palace,Watford,0,0,0.9880140535109894,1.3989055320674826,1.4565056799385516,1.556620424244279,6.6645802915911005,6.423623725547287,7.678629803290431,7.183295818306204,13.15734774426181,13.783358233694706,7.799460069303036,10.541080190744658
152,Liverpool,Bournemouth,3,0,2.145094597172216,1.118135265434495,0.9051653524556007,1.8448465526865476,11.518852687347984,5.189644177777215,4.014830920850527,8.920262519358142,8.394506416561079,14.861721449502802,24.81211040778083,8.56538988307371
153,Burnley,Tottenham,0,5,1.3066610352311152,1.3978056251688953,1.4310470365209507,1.5367164297645737,3.134759918532423,6.419947909215853,6.583846047883155,7.7459236685629484,12.053101983766465,11.461101463006703,9.078898905510906,10.395513109187462
154,Man Utd,Man City,2,1,1.6819380990177835,2.5555409781757508,1.0649565365344573,1.0445019830174824,7.0850645039213624,14.127515080688832,5.810583226687902,3.4506922707161767,10.26705353575828,8.161583203957923,11.369902103833663,23.847613470072567
155,Leicester,Aston Villa,4,1,1.6956672516901168,1.155540421910744,1.374097405196058,2.2746639773330064,8.193623946081297,5.25419405309764,6.361361009039986,9.969376075017923,9.436759054086519,12.22317242866353,12.595414643640826,7.854340499297457
156,Sheffield United,Norwich,2,1,1.2435508930155947,1.1032151268990482,1.366878439171394,1.8094663096749786,5.284881682520442,5.953513230508369,6.6289864887768575,8.144631883595153,14.603424776365234,12.154823611211272,11.589830431206071,9.204670230239277
157,Southampton,Newcastle United,1,2,1.41478171091868,0.9280787623042127,1.5045405593559642,1.7760382442146523,5.348437031669851,3.2508830524296375,6.435499260601386,8.444864069853883,8.030824008541916,21.247306367502247,10.790095008486482,6.596967640591966
158,Wolves,Brighton,2,2,1.634314459891005,1.2919849671047376,1.1266450802373105,1.530152014170187,4.7046157929586085,7.008041545143666,5.417339312586963,6.619837474197113,13.566578996670419,9.36824126936564,10.501485577002391,14.379470148301838
159,Arsenal,West Ham,3,1,1.3997814216504483,1.2993901540252895,1.5727195189916467,1.8568654765485975,7.4570052478998505,6.407910545230347,6.897091603533228,8.31475765972466,12.079361473795828,14.341974427102873,11.823275932839728,9.919198366622178
160,Watford,Liverpool,0,2,1.39227420637777,2.1105036201403786,1.608384825176751,0.9340329429346623,6.401455407299106,11.231116252245982,7.3826533497795195,4.092324417806317,13.928872011913734,8.371218201813429,10.6003525057733,24.112576192695478
161,Aston Villa,Sheffield United,0,2,1.1519625228236914,1.2656613885579113,2.201405809721882,1.3994231658035354,4.973118805310042,5.421751752625461,9.676433411477003,6.613527592475894,12.39913794652451,14.753567475380454,8.014938020101518,11.57274003250632
162,Newcastle United,Burnley,0,1,0.9212937147005287,1.3151306904323121,1.7715570228382929,1.3939011533102184,3.260532400600008,3.2168660692452082,8.5388973033098,6.721686280494044,21.564510458560026,12.093605906219022,6.696851011383965,9.005010401876712
163,Norwich,Leicester,1,1,1.1231155163951656,1.6057752229089675,1.8516419754317084,1.3792007669343678,5.9132637393740755,7.85491717477673,8.380963879118042,6.144490278618447,12.160778365488628,9.645865171551385,9.135619085248479,12.772161360703935
164,Bournemouth,Chelsea,1,0,1.1551940064127448,1.9516665787814769,1.7987075739437228,1.001095689584393,5.312322799999414,9.105969066073616,8.532580308564224,4.322780946040698,13.779479966791373,8.973393202322914,8.548674109345775,14.935244161892768
165,West Ham,Southampton,1,0,1.329295659949339,1.3964060074924756,1.859367610262005,1.5199271193311936,6.500522489277669,5.323376917503308,8.365325262021763,6.567633847547594,14.432050366606829,8.185855701178143,9.416090611492262,10.70509866265904
166,Everton,Man Utd,1,1,1.6345795909255758,1.6837876412876982,1.2830906320674724,1.026259480247321,5.591890231820943,7.049874677149107,5.010360635179902,5.149451812329744,9.62257751051703,9.89270944097975,11.648552577347477,11.691821415519573
167,Tottenham,Wolves,2,1,1.3593812261369296,1.6251696314252746,1.5540343693709033,1.1333767756310529,6.551484367262618,4.462485631149324,8.005382271199984,5.394929286148,11.478836134660806,13.203755111926974,10.37226361338698,10.713081176117868
168,Man City,Arsenal,3,0,2.575726852266407,1.3834468975525502,1.0199458156432109,1.616505873949632,13.757828209050867,7.47604713322901,3.261137781996018,7.017803753680446,8.376649170789502,11.624334868537321,24.007930697992254,11.815912430041383
169,Brighton,Crystal Palace,1,1,1.3050758889164584,1.0179089786460276,1.517000937792117,1.4520897445515728,7.046812373803038,6.843987225883067,6.451369684743156,7.704730949570832,9.536250548956627,13.317245734425725,14.047911307851908,7.714823918122384
170,Arsenal,Everton,0,0,1.4227982153222842,1.683073183458632,1.6136835837335477,1.275941368927025,7.7073345308443315,5.7201720258145485,7.054153887740462,5.046444943579184,11.396632542413652,9.57338385017835,11.952195016828577,11.77885802653846
171,Crystal Palace,Newcastle United,0,1,1.0369464778833857,0.9153663473684047,1.4152518782855572,1.7835404879396606,6.9098439125217475,3.3055514149071508,7.587042769198362,8.77242934985658,13.11429022494093,21.977528689222886,7.811781915198184,6.686024261790536
172,Southampton,Aston Villa,3,1,1.4174960791886355,1.1583690414959662,1.5419516593073075,2.212598874354806,5.263497521699854,5.115015905499686,6.516477913531436,9.557734604744038,8.228207690505934,12.48482144461467,10.694566472039721,8.01547152081943
173,Wolves,Norwich,2,1,1.6575446539761773,1.1216524991235644,1.1385257676178764,1.879764545982841,4.3361458322618,5.874451730066008,5.230462474938999,8.501712589086544,13.461032080210082,12.202234735684652,10.80997693240779,9.211891195435925
174,Sheffield United,Brighton,1,0,1.2434350095778366,1.2629875278063318,1.414667564582233,1.553863149856121,5.151100029504941,6.905627101438861,6.8140107207786045,6.503204316341126,14.994766313786897,9.698259497133648,11.628909319381547,13.871050997418047
175,Burnley,Bournemouth,1,0,1.3108132150906089,1.153316292356057,1.4048526230712974,1.7907617730131415,3.2603255717182513,5.394905757142251,6.890317933368832,8.623029605298658,12.275520402869702,13.66446139417678,8.969475059086594,8.711126756108126
176,Leicester,Man City,1,3,1.625116838012859,2.607162454133065,1.386883651467738,1.0463149519161827,7.956878502447328,14.034893502231254,6.113936359997677,3.34189270278159,9.74036035624965,8.390100926889128,12.835452837871932,24.22249965149198
177,Man Utd,Watford,0,2,1.6909489856194018,1.405867570891262,1.053027354541868,1.609872140361635,7.1587987727615765,6.380078814702645,5.261932234198662,7.289176683700216,9.960306206729028,13.819188869482083,11.716529323216701,10.800365095265203
178,Chelsea,Tottenham,2,0,1.949183599452244,1.3726018056418203,0.9937144642124071,1.5838688468484357,9.216896532719101,6.428323094664854,4.370023122685009,8.005574495171413,9.15101438812016,11.603080282327266,14.861502881960366,10.528415885293658
179,Brighton,Tottenham,1,2,1.2950881634911906,1.4147531443203518,1.549806732542895,1.587335340957991,6.825074297648047,6.406335521382733,6.7148660208157835,8.005788898831852,9.763577170100326,11.587814139339851,13.635322189626434,10.548739573189568
180,West Ham,Crystal Palace,1,2,1.3445119335189584,1.038930265494285,1.8969920249142194,1.4422089505273095,6.446969721037586,6.637145601464891,8.414086878522541,7.648082875705992,14.554623593985644,13.310993695130964,9.5023795619027,7.650696604244267
181,Burnley,Everton,0,1,1.3556784156710169,1.7290943443608868,1.4535572624201933,1.2910999600396027,3.3857227090920303,5.632486334499723,6.924560930806095,5.202077441409153,12.439963495287767,9.480052459800595,9.122147176743772,11.924198719866862
182,Norwich,Aston Villa,0,1,1.1161252875513938,1.1682571682249647,1.888515490059104,2.1950221607862566,5.946546027376239,5.07814156822884,8.751778457897565,9.74764021327504,12.133089917826368,12.588355671473614,9.220040856798844,7.849449500853572
183,Southampton,Chelsea,2,0,1.3706905437728136,1.966700660969638,1.5658323385114348,1.0212932128359613,5.273632041765234,9.26370024551599,6.536342448667261,4.268870165865201,8.083138755525393,9.118361095355553,10.721280567118171,14.971560685112689
184,Arsenal,Bournemouth,1,1,1.4453390576273795,1.1923464574466744,1.660648608055779,1.854086533513647,7.986806802962846,5.371632901647723,7.014743633062981,8.95468459011784,11.538158898347557,13.997709909337424,11.950203142529768,8.738477785189207
185,Watford,Sheffield United,1,1,1.3986736313101567,1.2261060516435798,1.612909530375544,1.4557632547731592,6.317774153729669,5.324062530734314,7.261837325380994,6.722927834144379,14.043003826000625,14.786214910194683,11.02345606046771,11.780113874355777
186,Newcastle United,Man Utd,1,4,0.9230970530364203,1.6971047158355326,1.8142394297834936,1.032262637408863,3.2019187770189648,7.126444879406252,8.57136894023568,5.1566219355139955,22.361279792654535,10.151087214680144,6.6354867333978635,11.859472758725037
187,Liverpool,Leicester,4,0,2.1299237494311063,1.6486259471671998,0.9312605480394718,1.3020949457549584,11.275084689826196,8.262912291002994,3.9884788612993995,5.695241604612972,8.491618851878194,8.884220369951557,24.366596771006034,13.021431793174699
188,Man City,Wolves,2,3,2.566152973055276,1.6577486791291072,1.0476664082460236,1.1336475279108715,13.911347398157556,4.4259975950411,3.481138232064156,5.277787954744346,8.406355132176174,13.632610237141236,23.898437136970813,10.687283737500398
189,Bournemouth,Brighton,0,2,1.1784124750407774,1.302410240758733,1.8706037078795563,1.5684980444194272,5.232080320941866,6.997398379706906,8.799095535891603,6.704682664416348,13.651467982773479,9.790847783318195,8.805342315388792,13.765155124970235
190,Aston Villa,Watford,0,3,1.189676466901005,1.4273187252855195,2.226062667485684,1.5974845136032423,5.123064133571709,6.3291232306485865,10.028791888828167,7.306902944144602,12.654537157785015,13.830253962643503,7.801509896722471,10.952865205484414
191,Crystal Palace,Southampton,1,1,0.9995367035476523,1.3856662954563834,1.4652757701889991,1.5929807746080282,6.445615087231495,5.3995409664485114,7.635514406981206,6.403124850539079,13.464957755671357,7.932490246122524,7.602507197252992,10.94132981969964
192,Everton,Newcastle United,2,1,1.7388591268363056,0.9185583763591496,1.3190171892718952,1.807734409418618,5.772197347365097,3.1734158761982134,5.363695804540274,8.663203545244096,9.652362169792926,21.731325499535053,11.882821747554049,6.693896973876359
193,Leicester,West Ham,2,1,1.7031842309945997,1.3640895740017784,1.2139651223890642,1.888243525804013,8.450873444253101,6.3915043539317855,5.684357376206293,8.28601855275549,8.487228240306969,14.75300300805656,13.093625785788081,9.520321689113509
194,Tottenham,Norwich,2,2,1.4296878806403652,1.1041994049639436,1.6064609309948366,1.9325984004183574,6.383502272205146,6.051779814068247,8.236780779556154,8.921484831393908,11.648883913929847,12.244985986320167,10.608306479850706,9.156470887398804
195,Man Utd,Burnley,2,0,1.6864163128296585,1.3860794316583638,1.0316227316020368,1.45272446482097,7.166675053670762,3.4774812748263395,5.197929861782352,7.113967120452482,10.335054615204434,12.418423629721913,10.854453928679503,9.280691298926225
196,Chelsea,Arsenal,2,1,2.0062266488614107,1.4462015183618537,1.022720791865817,1.665066050058103,9.237403825712988,7.777923753086299,4.34990124321753,6.932024617773939,9.265445420189678,11.72724885244537,15.077687852438142,11.489794940135177
197,Wolves,Liverpool,0,1,1.6314522033837182,2.0668542782553794,1.1198335110505455,0.96242464604099,4.441211794863996,11.47797256251182,5.430566095985215,4.026497279041685,13.655203459896281,8.39514265387351,10.426115299553985,24.534542800660113
198,Sheffield United,Man City,0,2,1.1968666249165651,2.6034998649501073,1.4864472638722006,0.999581279969096,5.299921906831969,14.372466948091756,6.748746685363821,3.462607454637876,14.850008299844493,8.063724958325324,11.486546512725628,24.287667034719767
199,Chelsea,Brighton,1,1,2.025825366125311,1.3117814038648383,1.0318556684760407,1.6095661999740205,9.284996280548103,6.843452163541787,4.247974367956665,6.770247382278516,9.391039474812358,9.82126500575351,15.119137385224224,13.640738014392168
200,Aston Villa,Burnley,2,1,1.210343590718898,1.421772911360448,2.189381334181601,1.4294139099931478,5.091744995484984,3.494534177498709,10.101248742000603,7.046608803325785,12.535056341991623,12.397653045069124,7.794420964462558,9.326430273887876
201,Leicester,Newcastle United,3,0,1.6677878552636227,0.8911140831421936,1.2305751655578745,1.768579579011642,8.468214730570528,3.064701102205837,5.633755736829612,8.765634450830408,8.544429326472624,22.028684172594094,13.289534469856854,6.643662242102372
202,Tottenham,Southampton,0,1,1.4156806620918068,1.3823197345798257,1.6542612499589378,1.6449501951297436,6.2186273533553305,5.449524572393101,8.388094378826016,6.560379309486903,11.74348691085591,8.037222040626899,10.701460282702516,10.653520170403198
203,Wolves,Watford,1,2,1.6802094419753995,1.3570948301041934,1.1055486460909512,1.635426341049521,4.496643017743381,6.264858739519687,5.100972484292338,7.357168441996317,13.372711285276907,14.054494499668252,10.596350503382983,10.758744636464584
204,Everton,Man City,1,2,1.7000412385090309,2.6667173593230284,1.307835303174463,0.9898363333011415,5.764061538342422,14.596319737595579,5.340970654702427,3.5235494319144536,9.711375104428388,7.983046831588879,11.80720823853812,23.88298649449976
205,Bournemouth,West Ham,0,4,1.2026155634350908,1.3864736345403084,1.899598126018112,1.8599648152580133,5.240368903832647,6.368100675236854,8.720491805030587,8.297019266323009,13.531877553586817,15.012733892981812,8.798390255224106,9.617257138694798
206,Crystal Palace,Norwich,1,1,1.0326789998379469,1.1363589205394797,1.4647336844270376,1.9368564158190633,6.616600282894245,6.130694422301641,7.775341884172791,8.841541940293673,13.25207151550487,12.408254678101713,7.702603627916568,9.162488998452604
207,Man Utd,Arsenal,0,2,1.67030078640003,1.4698082154462053,1.0564289135867306,1.6710805518458924,7.096162555735021,7.805706744267951,5.282465625697059,6.893882639837294,10.424864408096914,11.646079168604134,10.771932925936406,11.685859045140003
208,Sheffield United,Liverpool,0,2,1.1953419009547552,2.087411931050214,1.5031208998668757,0.9838053833995968,5.437418652949967,11.387900154030099,6.654944463920647,4.063157896150316,14.05209197900468,8.48068346294042,11.548485950755861,24.66077647211226
209,West Ham,Sheffield United,0,1,1.3502514666380123,1.2187058551612036,1.9037823466140908,1.438813437361329,6.305335316592117,5.372311096822882,8.462289238104661,6.265567149917341,14.743992888865726,13.304262478129875,9.410228567106136,11.446339532037356
210,Arsenal,Crystal Palace,1,1,1.4541774374264271,1.022437422908637,1.7052061786975314,1.45704882613577,7.798767699420379,6.601854139928639,6.961521305545768,7.805162725871744,11.597724853197139,13.454074266101209,11.710354011037861,7.575780690528744
211,Southampton,Leicester,2,1,1.3776911536719623,1.6382250804660698,1.6651984163843774,1.2479004411562542,5.5012933071214265,8.178530681746317,6.651821427682864,5.77351557286152,8.10997997064929,8.75767660826003,10.81971731934617,12.300670411005193
212,Brighton,Everton,0,1,1.301858380936563,1.7304376398843535,1.610896823049944,1.2903447782878366,6.722046477524165,5.898492307568937,6.761410743135381,5.210291035227513,9.737467505974799,9.272495643872258,13.857689476484174,11.871751389914483
213,Newcastle United,Wolves,1,1,0.8953831632630472,1.697428266666761,1.7428934089736283,1.1068955170944494,3.105651144598369,4.400360056887356,8.487389622016192,5.027932964457428,21.375941256155407,13.579354027018326,6.783803097567848,10.234671676590022
214,Burnley,Chelsea,0,3,1.3888298010518927,2.043165957130131,1.4180272639214744,1.0111662711097347,3.2979103981236624,9.372880752876878,7.119701974873135,4.026742612878076,12.590426368107305,9.444540993074373,8.730945640812443,15.239104207732849
215,Norwich,Man Utd,0,4,1.1160442636371521,1.707021470492339,1.961390893350566,1.023696564109297,6.097259592390166,7.17678419249406,8.912370476458815,5.177945072839254,12.462418319567163,10.402743808408333,9.207200113777704,10.686238038472421
216,Liverpool,Tottenham,1,0,2.053158785730579,1.4277406857379427,0.9962767542352966,1.6593448660288999,11.223182302388317,6.297864044546593,3.9582706781556842,8.54481203521266,8.283565015188293,11.94861144338648,24.398661346116267,10.869369578513322
217,Watford,Bournemouth,3,0,1.36811655433897,1.2198265121292011,1.6509227387821945,1.8842891305187588,6.236584075655059,5.284667793255242,7.370905689765406,8.746223655210251,13.825821211193954,13.479444609072061,10.86485019940553,8.326904192910682
218,Man City,Aston Villa,6,1,2.7029318326281544,1.1911330046731443,0.9957069305220225,2.1838528104023727,14.82949972666206,5.09502160246659,3.587030658244223,10.140579054214909,7.8990071162384154,12.054165497062753,23.961444265103914,7.822793141764793
219,Tottenham,Watford,0,0,1.4401214813432481,1.3348967884225047,1.6560258224146267,1.6984397294529872,6.386243430875307,6.209319221214168,8.065766344259302,7.455580892971313,11.292788806593652,13.926743397308023,10.825883793071526,10.7885948493843
220,Everton,West Ham,1,1,1.7190956260337518,1.3661615190179415,1.2810026543758302,1.8993574304217367,5.740742011706203,6.423383006470408,5.179917613505495,8.621656710894115,9.32143778402119,14.913421206325218,11.674511058757348,9.424879587359927
